,Title,Alias,Price,Rating,Review Count,Availability,Features,Image Data,Image Extension
0,Dark Lightning (25 Sizes) Full Body Wetsuit Men and Women 3/2mm Wetsuit Women for Diving Surfing Snorkeling Kayaking Water Sports,DarkLight,,4.6,237,In Stock.,Not Available,"/9j/4AAQSkZJRgABAQAAAQABAAD/2wCEAAwMDQsNCxAODBANEA4QExYRDRASGR8dFhsVHhgYEx4YFRsVFBwYGyAZHhsjKyQpIyA6LCYxGSYoRC5FOUsyLkIBCA4NDhITDhERExMREhYTJxsSES4cHR8TKQsfERYeFhcfEBYZHBAXIRcpDCMRCy8gKBwUJxYSERQeFg4bHTAeIP/AABEIASwAyAMBIgACEQEDEQH/xACeAAACAgMBAQAAAAAAAAAAAAAABwQGAQMFAggQAAEEAAQCBgUICQQCAwAAAAEAAgMEBQYREiExBxNBUXGRFGFygbIiI0JSU5KhsRUkMjZDYrPBwiUzgqJzdDVU0QEBAQEBAQEAAAAAAAAAAAAAAAECAwQFEQEBAAIBAwIEBAcAAAAAAAAAAQIRMQMSIRNxMkFhciKRwfBRYoGhsdHh/9oADAMBAAIRAxEAPwBqoQhAIQvGM2JKuD3bEJ0kiryPjPc4NOhQUnM2eGYbZdSwpkU88fCxK/XYx31FR250zS2Uy+lxP1AGwxs2KowwzTHc0EnXcSV2KmC3LTtodGzXlqsXLGc11xwyy4lpu5VzdFjMppWom17obujDeLJArUvn99DF8CuVrTgwyRSMfG9nEAg8nJ/jktSy8MWWeLNMoQhVkIQhAIQhAIQhALD3sjY6SRzWMYC57nHQADiSSVlVfpCnlhyxKI+Anmihk9ji9BVcWz/dfZfHgkcTKzDoJ5Rq564lTOuZoJ3TSzR2mP5wytAb/wANgBCpjOHEcgtoBQfRmA4/RxykZ4NY5Y+FiA8XMP8AcFT0lshSyxZoiYwkMnilZMO8BhkTpQCEIQCEIQCEIQChZllrxYDd9JeI2SROiaf53DaApq5Obqc93LtqKvqZm7JWAfyPDlFnMJQEV67XMbqSutgmKxNttY6CTe7i0Hjx5gjhqoAkiDWiSPd3sPBdCK7TZilYnY0R6MboO/s4DsXjz9rbzK+lh90k4sdGfFaeKz9RBHM0l7WTl+gaD7zqmwCCARxB5FLuVlFsUcscQE9ggh414u12A6FMRo2tA7gAt9Kz8Wprjf3acuvL+Dd3zr7dsoQhep4QhCEAhCEAhCEAqV0jzQfomCo8kTSziWHuIZwd8auqpHSLTsT0qVmFj3srTP6/1NeAN5UWEyW7SpEcW4btQD2BZ4btCp1eEDiAVNukxWTJkccWY60srwzhIxnreWFgaE4ko8tRS2Mw0AGaMidJM5+nDRrCPxLk3FMbszxk0EIQtuQQhCAQhCAQhLvO+asTw6+yhhMsUekYfZmAD3h/1OIIYgp2NNbXx65F2Nnk089Vow9srrBcyOw88f8AZYxx9/WLnWp3Xf1iV5kmkO6V55l/aStlCHE5pR6M6RjOUkoXC68vZjvc+Zl5eZPbxhj595jpgvfvGhDyC1oIHDXX4Vfly8rQCDB2A6mRz3Ole7mTrpxXUWsJqe/lx6mW8r9PAQhC6uIQhCAQhCAQhCAWMVremYXarcjLE5rfHTULM08FeMyWJYomDm+RwaPNxAVTxjO2EV4HxYaTeskFo2cIh4vKBPNYXycv2ea7lYwCPR74hu5akDyVdEc5/bJOvEgcl6iGgc08wVnsdu89MmwtjwfeOJlleT8K7qSmVcUGD4uH2Jp48PlBE7Bxj39jy1OuCeCxEJa8kcsbuLXsII8wrJqSOeV3bQhCFWQhCEAuFjua8Owl5rM1tXhzgZyZ65XLu4teZhuF2rzwCK8Tngd7uTW+9y+bWSSyvfPM4vmmcZJXnmXE6lUWvEszZgv87Ho8R/hV/k+bv2yqwGNGuo1Djq7XnqpIILeK8EAuAVGiOFsUgki0Oh1LHcWnxCs8ePMYzQ1trtNC1hGxcLaEdWTx1XPLp45cx1x6mWPFWzBc33MOkMdqIT05Hl4Y3g+P2CmXh2YsExIhsFgMl+xm+Q/8eBSIEfegxg8gt6c7X0KhULJuYrMthuFX3mTVp9EmPPgCSx6vqiBCEIBCEICaWKCJ80z2xxRtLpHuOgAHEkpXY7nq1ZJgwIGCHttvHzjvYb9BTekfFnNbBg8Dv935+77H0GJV66DQKiRLJauy77c00z+18ji4/iVJjY0cAFpj4N9fat4K0j3oowH6w/u0BUjVaAf1h3sn8kEnRboDYqvEtSaaCUcQ6NxHnotO5b28QFRccJzreruEWLs9Ji7Zo+Eo/s9Mqldp364npSsliPa38nDmCkDI35O4dn5Lt5VxR2G4zENdK1oiGy34X+4rNinGhCFkU3pIuGHAWVRztztB9hnziTUbtGhMLpOn3X6Fb6kT5fvkBLtrVRJEpA0C9RSBxPeo8jSyEu9xUaB+1Ud4L2AoUUqmhwKoF6aAvOq9h5QS8Jf6PmbD3jtmZ+OrCngkRhYM2asPZ3TxD/NPdZAhCFAIQhAgszzutZpxGR3HZN1LPCMCJcR+gLT61tszCziFuwOUs8kg8C8la5R81r3EFaHpkh5FSQ8ELndxW5rtEE0OWvXSc+sf2WsFeC75wnu//AFRM3LdHIFDJXnj2FB1C/d8humruCgMcdoc06PadWH1heDI5kLnfSf82z+6I+DUH0dBIJYI5RykY1/mAULTgM3pGB0Ze+Bg8hsQsBNZ/kMmapGdkUMLR5b1VmhWHOxLs3XPCEeUTFwWKjzZPyGM7/lFQGtdrwUmY6ynubwWAACgwwyBT4Xu7VraGlSWBoVG7mF5bqNS79kDUle0SgejS9+wqiblH53NNFz/AK73/wDR6eiQmU37MyYce+bZ5gsT7WQIQhQCMUn9Gwu3P9nBK8eIYULkZymEGV77u+MRjxc9rEHzxD+ypOjnRva0FziODRz71oiGjArxkSiLuOl8jQ6GtC90gP8AODCtCia8AtrStcrOpnlh4nq5HMB8CQgFBIBXjm547wP7ICwOLyPFBvaewo0IK8NPFe3O0aSqPFh3CBnb8pxC3R8lY8x4EaGXsIvhmkr9wun2/nYvJqrEbuCgduQpzLgJiP8AAneweB0kQud0cv1p3md0sZQoF/m/jm+/6jEPKGNcZjJHysZGNXPcGt8SdF0cySCXNWJOH25Z90BimZbhZPmKgx/Fom3/AHQXoJueMDZhN2tPWGlazGGO9U0Ya0/fVN0Tyz/CyTLMsh5wTRSM97xF/mkiwfJBQeQXNW9khXvYCFlsao97jovb3fq0p7mFAavcrP1WVveP7hBpwWUQYxQlf+w2xEXH/kAvolfNDGzRaOjeOB1AX0tRstuUa9pmmk8TJPMAkKDKEIUAqZ0kz7MBig7Z7DfJoL1c0sek+cGbDa3cJpn+8sYEC1YPkBN7o2g2UbtjtllYz7gSfGu1PrIkPVZYru7Znyy/9yxUJDHIDWx2/AfoWJPi1UBoXSzBL1+YsRk77Mg8jooLQqPQCIx8671f3IXtoWIx8p/rPBAaHdwXQwyp6fitSoeDZpmNf7OvFR2t4K0ZOYDmin4THyhkVDXzNQbfy9dqgAHqd8XqdHpKPhXzpVOrQF9Mvbvjc0/SaR5jRfMMJLHOA7CVkNro5k0nvw97IpPIuCFx8hTf6+G/aQyD/NCCn4mSccvk8/SZvjK7GW5RFmHD3HkZg3z1aoGPxGHMuJR91mQjwJ3hbsD443QHb6RH+aoaHSPP1WW+q7Z54mfnIkhFIduhCbPSjIBSw6HtfNK/yaB/mlTCNWhQSWyFbGykFatvcscVR0Q8FepngV3H1FQmOW7R87XRtBLnNIY0dpQQmnVqe+SJutyzWHbE6WL/ALlyQULiWp19Hku/Bpou2OwfxAUFvQhCgEl+kSTfmYM7Iq0Q+J6dCR2e/wB7bXsQf0mqipuOjSvpXAKxqYFQgcNHMgZvH8xG8r5/wOj+k8bpUubJZQZv/G3WR/4BfRGJ2fQ8Mt2dQDDBJID6wwkIPmrEJBNi92VnFr7Erh98rDdvbw8VFgHFdFmiowADyIW1oAHZos7Iz2NWGtZq7gOfDyCo9BzBy4+oKyZRftzPSLtGtPWt84XhV8AacAFMw+b0XEqlgfwpmO925A+V8xkbbEze6Rw095X04vnXMFX0HMd+v3Tuez2X6Sj8HLI6mU5jDmWgR9KUx/ea5iFoyzxzHhv/ALDEIOtn2mamZjP9C5EyQeLQIioWXGD9O4c9xAAsMV+6SKYkwmvdHOpNtPsSJbYXN1dutL9nMx/k4FB3OkewZseZB2VoGj3vJeqZDyXdzpN1+aLx+q5kX3GMYuFEg3rGi99i8FUACkxPdHI2Rp0cwhzT6xxWpm0+KySg6uZKQoYwJYBtpX2NuU+4B41ez/g5XXo6lAkvwd4il+Nqj4rS/SvR/TuMBfZoDdH7AkMDwoWQ2zxYjDZD2dTZZLDKztGg3grNsjUlu9Tjn2NZCEIyEmM+AHM8vrih+BOdJXPT9c1Wf5Y4f6bSqOp0cUd+LW7j+VeERxeL1dc+WOoyrbHJ05igZ73g/CConR7V6rA32SONqZxHsM+QuJ0n2dIsOp/XfJO/8GBAqI+GiltKit4LbuVEoPQH8T6yohcsb+KDoB696nTUcxxCgB6ksdqqPoyhYFuhXsN4iWJj/eRxSW6RK4hzMJf/ALMEcnvGsP8AgmVkeyZ8vsjPOvJJF7td4+JUrpNaBieHv74Hjyesji5IqGfMtV55QCSbyYQhWDo4hD79yY844Wsb73IQMHM9Y28u4hA1hkcYC5jBzL2aSN/EJC4bFNOQyP8AaGnEr6HnkEMEkp5Rsc8+4EpE4Y8NusfyB1DtPW0rlllY79PCZXy4N8zOvz+kHdN1jutd3u714jVmzRTYDFehboXaNnI5H6r1WWLeN3N/vbGePbbPy9ktvJa3nRegVqsE6ADtW3NrD9H69ikNOqj7QGra3kgcWWMQjo5LfalG9lZ8o2eLxoPN6r2DiGg+qWbtkMzHH3nQqVgcbZ8gYkyUlrBJI8OHewRSrjtE8NthldpBcrdZB3gsJB4eK8vVl3Pp5e7oa1l9fH9qcCFihYNujBYILTLG1xCyvQ8QS5zBTry5qmdIzeDDG9/qds2pjJY49Y/1vFJY/o7IvAiJrVyz4ejo/EtOV8Trs0wlzm7wHyVSO1uu57fFpKofSRIX4/AzsjrD8XFc/AHXI8fwSebVkU8zhXlPJ44wvUnpD/eYf+vGt48Rjqa7rYpmixoV7C9aLo4tB1AWvVdKrUfetw1ItesmdsbouWzmg3NJUyNRmBSmIG90dk/o+56px8Cq3SHYiuY9Vq1XdbLXiLJ2s7HkqZlnEThuWcbtN5wlhj9t46pqplqwwPpytcHP1L7D/pFxPNx5lc8rp1wwl3bdSGX0e0bNWO/LOws3ujYz3BxKF3sqzGWtP9QOY5vvahJdyVM5rKx2cTa9+GW2xjV7oJQ0d5LCkDVkjBL9R8gakd407PcU/wBIzGsIlwPFJKzxIacjdas5HB39tWarGcdeldVuxCZz8N+bdujET92vi3RVWMcF1ZZ4v0R1Tg4yOOxjhyadzX/K8WhwXMjCvTmpfdetd2fa3BR5jrLp9UKWxpJAaCXE6NA5k9gCh2Y5q12aGcbZYnujmb3OadpXZ5QeYC3NHBR2cTqpQHBA4slVo58qyQzaiOeabcfuhVDErzMRxhnoDXPpVWPqUTpxmkefnJWpiZRgMeVqjO2Rkr/vyPcsYBlqDCT100hs2+LRIRo1o/kauWU3+vs7YZTHzflxP5nZiYI4mRjTRjQ0aeoaLKELbiEu861xDdJZtj9Ph+RIeDOtj+QQ/wAWlqYixbqVbsDoLcbJY3djvzB5ghZs3HTDLtu/3ovMNwMY5lWhCyX0TFMKmk2O+o4ymXR/tjaQuH0kMLccqvPN9UfGVcaGXcRwXMDLVS0ZMNlD2WY3HSTQMOzeNNr9pVa6T2/r+HP74ZQrEy1u68wumclsWpi9rbC05Lh67NdTuiEsp90bgqxitX0LGbtXTQQ2JGM9kPO3zCY3RpV33L108omMgZ4uJeVxOkSkauYxZHBlyJj/APmwCEqCntUlihsKlMKou2C7BlXFhKAY5rFWJ33wVX80U4KWJwVabNn6pXdJE37Us1KveT4YHZcuyz1jcEVnrmQDiS9jAoVfAMw41ili/aYKDbDg508zf1gM2BgZExc7vbvjrX8PPm/8XDJtSWDDDJKeMm1oHsahC7dOtFRpw1YdeqhaGNJ5n1u9ZKEk1I55XdtbFizVq3ITDbijmidzY8ahZQtMPnKw8sdLWa0NY2Q7ieJJBcBp3LUwKRiQaMTtgcuvk0+8VpYQrIttvLvZbgFnMNCIjUdcJHeDAZf8VGzhB1Gab7frvEo/5sa9WXIFczY5JP2VoD5vOxQukSIMzE1/2tdiIpLApf0VFYu5g1cXMXp1jykmYHeAO4qh+YbAK2G1YPsoY2nxDRqhCFkCEIQCEIQCWvSgzjhb/wDzt+BMpL7pPZrTw5/dNIFQo2rYTwK8MCzJwaqHvkKp6NlmF5Gj7T5J3+exv4NXJ6SqIkwaC23nVn0PsyK9YVAK2FU4Ps4Imnx2BcrOFf0nK+Is7outHixwlWR86MPBSmKHFyUxoWg6+j5umBSO77L/AMmK1qt5BGmXGeueVWRSgQhCgFgkAankFlRMx3BRwG9Y7RCWM9t/zQ/FyD52nf1tiaTnvkc7zJK9RN1Gq0gaN8VuHyYyVQ3OjqoWULdxw4TyiOPwYuD0lwFuI0Z+ySF8fva5M3AaZoYJSqvGj44R1o/nOr3fiSqX0mMacMpSfTZOQPexAoBwcFb8ns35lo+MjvKN5VPHHRXzIjQcxR+qCUhA30IQoBCEIBCEIBL7pPP6lh7O+aRMFLfpPeP9Lj9c7/gVCvHJbImdZYhj013yMb5uAXkBdvLNR13MlGEDVjJOul9lg3qh9IvQ+k0bMHbNDJGP+TC1ZQsj5di5KbGVuxemcOxu7SPKKZwZ7B+W3/qQtDAtB4ZAOuXfCxKFZlVuj4g5fPqsya+TFaVKBCEKAVA6SLxEFPDmfxXmebwZwar+k5n2UvzKWdkUETR8aCnaKwZdojEMep1nDWIP66b2GDeuG1M/o6qs33rh4vAjhj/F5VDBVE6TD/plL1zn4Fe1SekqEuwatMOUNkB3vaVAnGK9ZFOmY4/XDKqS3iNVc8kfvLX9ib4HKhxIQhQCEIQCEIQCVXSVIH4rRh7Y4HvPvemqklnmbfmuw3mIo4Wf9A9UVYapl9GtXWziFx/NjYoIvfue9LTVObo5AGBzHvtP+FiC4IQhQJ/pJqCHHK1ocPSoNH+LDtVHA4cE0OlAARYX7c/5RJXtLtOOgVDh6Npw7C7dfthnD/c9qu6U/R1PsxqzB2T1/wAWOTYQCEIUAknnn967PsQ/0mp2JJ564ZqseuOH4GoK21OHo9iLcJsS/Xn/ACYEm2p/5TgFfLlJvIvYZX+L3l6o6i5GcoevytiDfqxiX7j2SLrrTjzN+BYg3vqzfASoPm2E/JV/yBFvx57+yKu8+ZDUvYD8lNHo5brdvP7oY2+biqGUhCFAIQhAIQhAJEZy4Ztv+MX9GNPdIzPDdM22/Zh/pMVFYJ4J4dHjCMtB/wBpYmcPwYkY/wDZX0blaAV8t4dGPsA/75MiDoIQhQLnpRB6jDH9glm/KNKtp4J1dJEAky4Je2CxGfzYkkzkqLpkL96IvXDN8CdKTfR6zfmQu+pWkKcigEIQgEls/jTND/XDEnSk70hNIzIw/XrMQU0NfoNOZ4AL6TpwivTggH8KJkfk0BIHBa/peL0a55PnZu8AdxT/AFQIxBm/DrTPrQSt82EIWHDc0jvBCg+aYDqAE2ejdm0Ym71wDyEqUlf8k5OjofqF13fOPgVF1QhCgEIQgEIQgEj89fvda9iD+kxPBI/PQIzba9iD+kxUVN/EaDmeS+nKcfU0q8X1Io2eTQF820ojYxCrB9rNGzzcAvpJAIQhQcjOFcT5WxFndCJfuPbKvniM6sC+nr8PpFCzB9rDJH95havl6H9lUMPo4/8An5//AFT8bU3kpujaI/pq289lX/NqbKAQhCgEpekgaY5UP1q3+ZTaSy6QxFJilQaAvZAfjUt01Ju6cPJTN+Z6n8glf5RPTpShycyGtmCtI4uJlEkQ8SwpvKSy8LljcfFCELBIA1PADiVph85CsRaliiOukj2t19RKb+QGCHDrURcDIJw53vYlGJCZXSt1G95ePedyuGXsaGF3xNJqa046uzp+D/Fi4d93N8PZ6cuN18RtoWGOa9gewhzXAOa4ciDxBCyu7xhCEIBCEIBJ/pAZszG1/ZLAw/m1OBKnpL4YrR9dd3xqiuZagEuZsO9U28+DQXp8pNZDiMuZ4n9kEMsnm3qv805UAhCFAL5sfEILdiLtjmezycQvpNIDMEJrZjxKMgt/WHvb7LvlhUXjo1jBmxKbuEEY85CmOqJ0bRPFG9KRwfMwN9zVe1FCEIRAlVnyCZmPMlPGOeBvVe7gU1Urs+zyyY3DAWaMggBjd9bcsZcOuHLh0bbqdivaDQ815GyFvfonZDLHPCyaIh0cjQ9ju8EahIuFp4ByveV8dip7cLvHZGTrTlPwOXDDKTcerq4WyWcz/C9KLmJ9iPAb7qwJl6h4Gnk4jwapSF6nhfOQdGGcSCxZieOcbg4Ar6MnwvCrJJsU6khPMujaT7zoubfy1gt2m6u2tBWP8KaBga9p92mq49j0epN8KblnMIw9op3y70M8a8vPq+9p7S1MOtbqW2l1WaKZo4OMbgdPHTklRPlLMdYaNZFZjYeBheN33H7V28s4JilHEoLAgngh2ObbMpHw67lJcpqWNZY4XeUsn+/blfUIQu7yBCEIBKrpFlEuMVYfsYPjKZ2NYtWwaibVgOfxDIo283PKSGM4lJjWJvuvYIgWhkUXPRo7zoNVjKuuEWHo+PVYzI0D/erO3Hwc0pqpW5DkEeM7OZlgf+BDk0kxpnNX+gQhC25BKLM+smab4c3Q6QgeAjam6k7j83XZtxBx4CMsi+6xrVyz4ejpfEteQJjtv1zyYYnt/wC7SrukxheJWsIvvsVQ1+8bZIncnNTbwHEWYrh7bWwRSBzmSxg66OCYWakOpjd2/L9UxCELq84XIzRg8mKYePRWtNyB2+AHQbgeD2biuuhSxZbLLCWfhuPQtAmp2IXlxYwyabC76LQ8HTUqFLVxF8btYy8ja9rW8XkcntZt5lh5p7IXL049HrVBy9cs3cNY+0Jd7Pk9ZINpf6yFOQhdY89u7fGvoEIQqgQhCAQhCAQhCCNjmDVMbpejWS9ha7fDKzm16TOL4NZwSwILpEkT+MFlgIa4f2cnesPZHI0ska17Tza4AjyKzZt0xy0V+UywY3VFVu/5EjZz3MLSdU0ViOGCEEQxxRg89jQPyCypjNLnn3XetBCELbkElnVrgvWf0lXsiy6V7nv2E7iXE6ggaFOlCxljt1wz7bvWy4wvK9q+7rp99Sr9HcPnX+A+imPh2H08NrCvTYWs13OJOri7vcUITHGQyzyy5/IIQhbcn//Z







",jpeg
1,"NATYFLY Mens Wetsuit 3mm Neoprene Jumpsuit, Youth Women Full Body Diving Suits for Scuba Surfing Swimming Long Sleeve Back Zip for Water Sports",NATYFLYMe,$56.99,4.6,105,In Stock.,Not Available,"/9j/4AAQSkZJRgABAQAAAQABAAD/2wCEAAwMDQsNCxAODBANEA4QExYRDRASGR8dFhsVHhgYEx4YFRsVFBwYGyAZHhsjKyQpIyA6LCYxGSYoRC5FOUsyLkIBCA4NDhITDhERExMREhYTJxsSES4cHR8TKQsfERYeFhcfEBYZHBAXIRcpDCMRCy8gKBwUJxYSERQeFg4bHTAeIP/AABEIASwA6AMBIgACEQEDEQH/xACfAAEAAgMBAQEAAAAAAAAAAAAABgcDBAUCCAEQAAEDAgQBCQUFBgMHBQAAAAEAAgMEEQUGEiExBxMiMkFRYXGRFFJygaFCYqKxshUjM0NzwSVTgiQ0NTaSwtEWY4Oj0gEBAAMBAQAAAAAAAAAAAAAAAAECAwQFEQEBAAICAQQBAwQDAQAAAAAAAQIRAzEhEkFRcWEiMvCBkaHBYnKx0f/aAAwDAQACEQMRAD8AtVERAREQVlmTNVW/En0lBPLSwUryx72deR6hslfidfMRNU1UgedwXm3pfSFnxSGepxivMTCf9pk4fEsUdJim0VNTzau1wbuVTbWT8JPhOO4tgz42TySVtGSGvicbljfejKtZrg5oc3cOAIPgqaGDYjSUUs1eCLfw2A76irYy1PPUYBRy1Li6UteHHykewJjTKa1dabqIiuyEREBERAREQEREBERAWDHMUhwfC5q6UatAtEz3pDs0LOqy5Squq9ppKHXalMfPvZ3yai1BA6jEMRxCpdVVk0kkz3XbubMB7IxwaAtulxPMLLCDEaxjfjJA9VpQaWAaI9TiBxPmDZbUELS0ubdgJIcxx/IqjaLfyfjlRi1LJDWgGrpbCSQcHtPAqRKuOTjUKrEQfuKx1ZlRERSgREQEREBERBUUtTT0+K1lbCJHQundtaxseluCpNR5gw+amfNEJAYReZuncBaNdQtocanbUwk088pkge7gQ7ew+ErYoajD6bEKmJhjjc4MY1gG7iuLPvrz/p6mE8TVmvh4di8GLskgZT1LG6XHW8WUvyzoZg8FNe8kDf3vm9zpVyaotipnNjY1hftYDtOyk+HUraOkZE0AdpVuO7t10x5ZJJvv2ERF1uEREQEREBERAREQEREBVHyh1EFTi8UcLiZKaLRO3561birHP2DzMrP2pC28D2Bs57nqtXxk8/Xj7V1Bx1NIa9pub8C3tC2DPPMSyDZoNyQtMM12PqupFEWxAs2ULRYuQLiWr503kLGKfKI5Ko56SkklniLNfULuLu3UpcpiM5Jf6efsREVmYiIgIiICIk88FPEZaiSOKNvF7yAPqgjOdjpo6V/uzFQmgaTUmWItOvryOcAR6tJW1mfMtNiVQ2CkBdRwcZffeosJKYuB51zBfpWJBssspXXx5610sOmeaitiiY90sNO8Plc7cl17tBPmpwqfqcfpKXDzQ4JG8yPFn1TtreI7S5dTAc61FJE2mxpj52M2ZVM6/wDrCceNkqnLlLYsxFqUeP4JWBvM1cLXO4MlOh3o9ba1c4iIgIiICIiAiIgIi0sZx7DcGYPaXF8zt44GdcoN1RTPVbRtwwUT33mlkY4xt46AopiOc8ZrLtpAyii+7vJ/1KHyOlc8ySue9793PcbknxJU6TK6tM/LsTLStqtfbYLpjEcsCPSPaA7sLmKIvc0G3E9w/usRYSOlt5LK8U+cv7tpy5fGP9n0dg80M+F00kD2SRlgAc1e1VGA5yfhdLHRVNKySnj2Y+HZ6sjDMx4HihDaapYJT/Jl6D1ppi30REQIiIC8YnilLhkOuYlz3fw4m9Yr2q3xipdV4jK9x6IOmPwaFvx4eq/iM8stPzF81Y9IwmhENNF2lo1S+rlDKmqdXvElZNM6fgXPcXMPkD1V0Z5GvJjjILR/EI/JcqeDR0m9T8kzmMv6f5U4715azmlpsbeBC8rJe7bHs4L0yJ7wTs1tiQXbA232Wa7CL8AsgMbOzW/x6o/8ryO9eo49W56oQZ6SFtVUapzcDe3veA8ApfS4vX0BHs8ztA/lO3Z6FREmwGna3Vt3rcZM59myC0lvkfJdXHZqyxjlKuzBsVhxajEzBokadE8fc5Z1WWVq00mLtYT+6qBzcgVmrnzx1WkuxERZLCIiAiISACTwG5QamNYszDYOjY1Dx+6af1FUfiNW6trHTPJc7hrPEqQY3Xz11RUSsF2bgH7o26I7gomurKemSe982sp5tv8AZ6C2qQQuq4xUAmG5dIB3BpctUFbNI9jPaXObq/2aVrfAkAali1c8G5c/bcm3kt1lMGxGepPNtFjGwjrg777ggELDRNpib1T3NY1uoBouXHu32Sol5+Z0gboZc83GODR3C5Kolgk5syEsBbFfYdtl2oGwxsa6AWDhfV2nzXFK36N7hGWhj3AG4sujjuqyyS/Dcfr8OkbqeZqa45yJ/d9wqzYZY54WTRHVHI0OYfAqkA5r2kt8iDxCtPJtQZsIMR4wSFo+E9JX5cZr1RXH4d1ERcbYqXaKaV/cxx+ip6tfeTTc2cSX+Q3Vw4jtQT/AVTtWLTj/AFLu4esvtz59xglY3mY6hgGkHS63uk2B+S9GNrmntBG6/KQsc2WmNy0gub5HYj5FY4ZSwGN/WadJVeWdZfPf/ZbC9z+acueB0L7tuWXuPDzW63FNL4zzUdmDpgNAudvBZ5DfgsbGMBuWtXHlhjl3NunHPLHq6abojUTvmaCIXG4JFvkAv19gLDYBdCWS7VzHkkqyr8ZvIO5u/wA17Dt3gcY3B49d15iGxPeVjgN5Jz4OXXj4k/LCuxA4xVcTxxa8EequppDmhw4EAhUkeLSrswqcT4ZTSbbxNB+Q0qOWdUwfqIi42wiIgLVzBVGlwid7dnvHNM83bLaUPzrVkT0NE3g7XPL+QV8JvLH7VvVQjnWxSM1DoHouPgdlwqiMwzyRe67by4j6LrVQuwhc6pPOwwT/AGtJik+Jht9QQV28vX1/4xw7adyt6lmMcVWGt1c7TujcfdBIN1orYp5JImVJjF9cDmSHuaSLlcToazdmBCV+DqhCgAF7g0cXGwXWdaMxMZs0/u3eodf52+q0KQXqR4AlbN71sI+/uunj6t+ayybkrdEjXj7XQf8A2U9yM866uPwDlBavaEn3SD6G6lmSJ2/tKVrCCJIlpydZT8bUx9lhIiLz3QxY07Th0vjYKoK4/vmn7xH0VpZlnbBho1WAklbH6gqp609U9zwu/i/Zfv8A+OfPufTWonf4m4d8Th9WlbNVHolZIPtdB/5hZ8uUYqpsSqCL+z0/Q+MuH9mle6luqnee1vSHy3V/3Y5z4qvVxYNFwsThZbMZBYCtdx6a4HUwScFoP7VuTGxWmdyPEhBl6jfILzHTz08pbONJmh5+P4Hi4KzsidUTRQN60sjWD5kBTzOuHshNBVQizI4jRn4QLsXXe8Yx9qhp6oVp5RnEuFGPthkI/uqofKyKAPf3Cw7ypzyd1Blgr2P64lY9Ry3xIYROERFxNhERAVY5pl53NRYDtDA1qs5U5XzCozPXyDqh72t8gdK14/3T7Uy6rVqiA0kpHhdQctSYo7+E+ptEz7oBaXrDVtkmkZTxbvmcGNVw1WFxx5YfhzALRUuhvxAar/Mrq5MvMn80yxihlkY97Ip9Ft4iH/CSAsbeqv2zjFMG+7d3kCFxuh4b1Qi/GdQL9KDYpDaZ3wlZ4OlXxn4j9CtOnNpvMELsYLTe14xDBe2sloPyK6ML4n2yyeq02pnrNk2pdTZkpm/Yn1RH5tKwYgCIHAixDrELm4dL7PilJN7kzCfUJy/u/oYdf1fQaL8RcjVD+UGYNw6mg7ZZSVV7qpxiEcu5BGl3/lS3PdSZscZB9mmhA+bumVBZeqStZbFbFs5LpNGAVs7uNVr9AwhRKtqGU0FjvI+4Y3+5ViYNJFS5LimOzBSPkd+JU3NM+oldK/i7qjuHYFrjnqZ/Nvhncd3F16Ul0DT4bry/Zy84c68LmdrTde5AbrBs0peK0pXuZpLeIN1uS8VoSm7tuxBJct6J8coj2c4HK38bo2V2FVELutoL4vjb0gqTynJozJRtPB8ivEgEEHgVbLLzjf5tXXb52kc98hD+DOi0KW5HrDS4/wAyepVxmM/EOm1Repboqp2EbiV4/EVnwqY0+MUMreLaiP6uDVF90r9REWaRERAleIonyO6rGl58gLqh6KQyVs8rus8vefm66vXGb/settx5iT9JXz9RP0Ttvwd0StsLqz7VvVS7KtMavMzHP6lK0zfPg1WqQCLHgVXeSH6ccq2e/B+T1Yqcn7qjHp891EYiqJYxwbI9vo4hbeERNmxWngf1agugP+tjox6ErHiFv2lVAcBPL+srNgocccw8N3PtMX6gq1ZyjG6GWSF/Wie5h+RshW/iug4zXlnUNTKW+WsrRUJYwdD2u7ipflIA5ipz8R+hURcFKclyWx+BpWmN7n4VrZzZB7NiFSzgHSiRnk7pKGPuLEcRuFZXKCzTUU8nvx/UOVbO3TK79N/4ox9/t9DYBWtr8Fo6kcXRNbJ8beg5FEOTmqL6CqpD/IlEjPJ6LBdDMzEuzDXeElgo1MbNKkuZNsxV/wDVKjrml80TBuXyMb6kBXQuDEQaHIEcLuPssEZ+ekqpRwCtrO7xBl6CDtfLGz5NYVUqQemucw6mEtPeF6M054vcsa8oDnPPEkrEV7KxlEunl86Mw0D+6divtfPOHyczidJL2MnjJ8tYX0Mq0UXj0XMY9Xx907yPInWFzIDaspz3TRn8QUpztBzOY5XgbTRxv/DoUbomGTEqRg+1PEPxhWH0EiIqAiIg/K1uuiqG+9DIPVpC+dRsbjsK+ilQGI05pMQqqYi3NTPaPK+ytBKsiymXMkru+mKtZVRyei+OTnugVrV0zaahqJ3bCKJ7/RpIS9j5+ndrqp3+9K93q4lbuFTx0VS+ucRztPG40rPemcDGD/ouXfJcxvC69KUMTNTi577kvJJK9L9shRLGV18sG2ZaDxmC5JXRy/IIsxYe93D2hgQWbn+l14LHO0bwTD0dsqf4hfQuPUgrMErYBxdA/R8QGsfUL55bu1QJ5ydSacXq4vfptXo9iLUyE62Y/jgkCKKNbNLdOYqzxcD9AuZgsHtWYaCE8DMHu8m9NdzOTAzMc/iyM/gC95DpjNmJ8/ZTQO9XdBWqHe5Qpt6GD45D9Gqt1Mc9za8cZH2RQsChyD8K8lel5QeSvFlkX4gwuBuLcbiy+jsMqBV4bS1A/mwsefOwuvnfSCCTsALq5ch1XtGXWMPWppXwflIPo9RUuDyhwWmoqnvD4iojlqITZjoWng2TWVYWfYZ6mjpIqaN8komL/JmlQzJ8b4s0QtnaWPDJNnKNxOr3q6+VwoiKECIiAqjzxS+z48ZB1amNsnz6pVuKA8o0I0UNR4yRKYOVydH/ABir8YP+9TfOlT7Pl6YDjO9kAVb5Hq2U2ZGRv4VUb4W/F11KeUOfahpfF87/ANAU+4rQcEX6vztUoF5K9Lyg8lYg90E8UzOvE9sjfNpDgsqwycES+j43smiZIzdkjQ9vwkXCofG6M4fjVXS8GtkL4vgd0wrmynU+1Zcon8SyPmnebCWKF8odDoqKWvYOuDBKqjhZJIbmeDxjlH4CixZPIGZ6Tyf+golEsx/BJ8Sx6aad4poNLGxHrOeA3it/JWFyYfJiBcWua57GRu+0Qu7i+88YHYz+5XIhqH0tQ2WLg14bOwdrDsfTiFz3OzLV6dk45cNztX+YZxJmKskI1NZNzdvBnQWjiNMymnZzTtUE8bZ4Hfdd/cEFbOPC2PYgO+pk/UtOWTnKCFruNPI9jfgeA8D5EO9V1uNpovxflwoQL8X6iDyeqrA5OKgiprqT3mMmH6FAX20gBd7KNSaXGj/7sEsY87alFWk3ZE/r6h1XUSb7N6LR3BeMuwxHFHOkaHSRsdzTu0LYo6GMUT8Qlc/nZyRoPVDQ4sCx4AdeLSGIXY1rtZXDJfVjb7vUys9GeOPWPi/cSlERdjyhERAWjj9DRV9IyKsj1hrw5m5H5FbyxYtqFLrb9m6reqvjN2fat2UtGzFGjDomQPpwXh7eNwubmev9vron2IMUDY5B9+5JWTCJZqjGmx3DXTv0OctLMUHsuLzQ6tfA6lnxW7v1/l288x1jrUv+nBK833X65YHEhdTzmZF4a7UF6UJCsTxcLKvDkFs8nNRrwmppu2CfV8nhd3NVNSVuFikne5kkrwaUt98KF8nEhFZXRd8bHrvZscYsRw+QP6QvohHErLK6lrXDGXKSo9gOXPZcdpZZ6m/NEysDNrkBFIdZixOkk3ALxcee1iirjlbva/JhJZqeLHaxS4qQSNiwaSuWyjaKGWr1PMryQ9p6osdlJauATw2vZw3YVxGST0MpZUMvA/8AjNIvt7zFnlPP+/y3wy3jqdy+Z84qsxiQT4rPOP5xEnzIBXMJIaR2GxUizVFHFjkvM2ET2RyR27iwKNldntHBWJ5sFlwulOI4tTUReWNnfoc8bkBYJOCkOSoudzTTd0bJH/gVRw3NdHLJE8WfE9zHjxBLSi7maKU0eZKxnBsxFQzyeuIpH47gtzA5vZ8dopPs881knwOOhw9CtMr8gdorqZ4+zMw/iCC4q9+I1I9mpIJB2MAaRG1q7OB4Z+zKQiQgzP6UpW4iwmOrvut8uW2emSSCIi0YCIiAj2h7C08CLIiCFV+GOo6hs3MxMcx2tk8bCXkg3FiDZRPM88dXiLahjHxPdE0Txu7Hi/BXAq8z+y1bSP74SPxKuGOq3z5PVJLPPz+PpXxWJwWZYnLZztbVokHcditpb+W6UVuZKKF7dbOc5yQeDAXrWqYjBVzwO4wyvj/6XFqhLCvLl6XkoJlyfutjkrfegcprimF1c+aKLE5ZI2UFGy5LnfaUGyF/zD/8EisXHsMxDE56ZkD2R00d3Su7dSzya4d9yfN/Gv5pzYr4li0bQ2zQ4zSkfZYD0QT3lFKMPoIKCHRFu928kh4koq44pzz3fHUmo/V+EAizgCPFfqK7FWme4BHikEg2EkAHoSFBXK1s/U2uhpqofypTG/yeFVTlrOkNZ6nHJzAZMYqqjshg0fN7lB5OCtPk2iAoK2XtfM0KiXnlCobikxBo6t6aU/jYq2V95ho/b8Eq4Pt82ZIvjZ0wqFG7Qpg8lY271EP9Rv5heyvdIznMRpI/enjH4gg+hBsAiIqAiIgIiICIiAoTygx/uaKX70jCpsoxn1gOCRP7WVLPqx4Vp2KiKxOWU8FhfwKvRMeTum53HaioPCCnIHxvcAtPN1N7NmOq7p7Tj5qW8m8GjDqyp/zpwwH4AtDlEhtW0M/vxPjcqTsV8vJXpeCrCZZAZfHXu92B6tlVvycw3qq6fuYyNWQqUERFAIiINTMdL7XgdXH2tjMrPNnTVDXNl9COaHNLXbhwII8CqMNMJGyAENfGdu4juK0g40vBW1yc/wDCJ/66qWYOGxVscnG+E1PhOq0TRUbjNL7Fi1ZTdjJTo+E9MfQq8lV+eYDFjYm7KiFvq3oKcRCCujgLNeYsOb2e0xn0Opc6xK7uV2MOYqJz+yToILqREVAREQEREBERAUezz/wA/wBeJSFRnPptgUfjVRj8EhUzuCoTwWvL1Ctg8FrTdQ24laUXlkqDmMsUffLrmPzeVy+UKHXhVPN/lT/mFLsIg9mwmig/yqeJnowLi50j5zLlR9wsesxSK8u4L0OC8v6pVxbPJ3Dpwuqm9+fR6MUyUayELZf855D9GKSqlBERQCIiAqSkd+9qLe+4fUq7CQBcqi2G7ZieOq5+e6vj7jl1J2Vx5BpTBl5sjuNRK+X5dVUvUm58BsvojAo2xYJQxt4Np4/0qKMyh3KDADQU1T9qKXR8nBTFRDlBkthVPH78/wCTVEFZU1tBNgd12sssb/6hpC7gJNlH4HaXEdh/NdzLx/x+hA/zgVYXMiIqAiIgIiICIiAojygSWwyli9+p1+jHj/vUuVd5/n111LT9kcRefNxVp2K+dsFu4HRHE8do6T7GvnZvgZ0ytJ6nXJ1Ax1bW1J60bGxsVqLLWLHITUYLXRDi6CT6C6yr8qreyzf0n/pKzHzyOqsb+qVkPE+ZssT+qVqL2yhEIsu0n3w6T1cV1lo5X/5doP6K3lmCIigERECufooKl/uwSO9GEqhHOtFzrOsbscOw9u3kr7xNuvDKtvfTy/oKoNrr6dXuHm/O+6vBzqgDmxZfQWXJeey/h8nfTs+g0r5/n2v+SvDJTtWWaTw1t/GVFHbVecoZtJQs8HlWGq65Rf8AeKH4HpBA2hvs+5s4m7V2sqjncx0XeXl3yaxz1yIdHNXHHtKlOQ4jJjjpOyKKR/rZikWqiIqAiIgIiICIiAqozo/VmKUe5FE38OpWuqjzjtmWq8Wwn/6mK+Iir1PuTh9quvZ9xjlAXKdcnLHftGvf2CFrfxqaLMXnGZeZwitk92nk/SQvS5ua3FmXqzxZZUFEDgscnVKy9iwycFpR9AZX/wCXaD+it5YcCi5nBKGPup4z6jUsyyBERAREQHNDmlrtw4EEeC+eZBJDI+FxN4nuafAg2K+hlSGZYPZswV0drAymRvk/pq0EfkJIJPFXrkuIxZZo7/bDpPVxVESbMK+jcFh5jBqGL3KaL9AKUZFXXKNtPQeT1Yqr/lHH+4HxkUQVoSQDYmx4hWlyc0tqOsrXcZZRDH8LAqokNgvoLLNH7DgFHDwcYxLJ8T+mpo3kRFUEREBERAREQFVWdm6cwE+/BGVaqrbP7LYlSye/B+TlfHsQJ52Vo8nUFsPq6ntlm0N8mBVTLsCrxyXBzGWqTvl1y+rko7S5mbG3y7WeDF01r5gj53Aq9nfA9Vg+fuxYtDpJGRs3c9wa0eJNll7F08vQCqzBQxnqiYSP8mdNaUXtGxscbY29VjQ1vkBZERZAiIgIiICq3P8AAIsahnHCeAX+JhLVaShHKJCDSUU/ayV7FaCpyLvY33nNH1X0fA3RBGz3WNb6ABfOsWn2un1Ho86y/wD1BfRSUFXnKM8A0EfxuVhrhZio6GvjbSVDLhnTDx12uVLZPNWxxtuopjD6X27FKSkHCaZjXfDe5X0GAALDYDgoLlfLlFTYq+qfK+Z8A/cAqdqdy+YWWXVEREVEREBERAREQFBeUKPoUMvjIw/hKnSimf2D9jQSe5VN9DHIrTsU7Nwt3r6MwmD2bCqSH3IGA+i+dwWmeEbkGRmw4npBfRLeqOzYJR+JX70FT/Qk/QV+pW2FFUE8OZk/QVUfOvYpnyfwc7j003ZTwH1cQxQq4sVZ3JvCOZr5/efHGtKJ8iIswREQEREBaeP4ZR4pQ81V85pjcJGaDbdbiV5IpiB2kAqL1Vp3PtXYwHBqSrgeITIwPaTzp1KxFD8QcAABvdTCG/Mx346G39Fjx231bdPLjJMLNQUcq5GvmlkjN2E9A/RSMi4IUYnZzZdH7pICcnURw910MvRPvPOTs7oLrrm5f/hT/GF0lfDqM+S7yyERFoxEREBERAREQErGsdSyB7WubbgRcIvNYxxpnaeIsT5KL1Vse59oPWxUlLUQzQwQRvaQ4uYxoOx8Apyx7ZGNe03a4BwKg+K9IsUowKuikpGU7yGSxDSAe1veFz4XzY7ebH9ON+O/p0UkYx8bmSAOY5pa9p4EEWIRDsCV0uBXlVgOCjWWQaLHgHO/uVMMsUNHRYbalZo5x5dL4kbLjvs8TeBNl1sAqoOYdTOcGytcXgHtB7lz45Xfmu7kxnp8SOqiIuhwiIiAiIgLUrpAQIoyCft2X5ijnxiNrHFoNy7SovU1M8LHljt2SxMb5EMJ9brnzz7jr4+K3WRVAiXfgN1M4Htkgjew3a5oIUbjo4cQrDBUGQMtrOg2KkkUUcMTIohZjAGtHgnHOzls8fP+NCi08rJJ5ASA43f8rqUkXBBXKdhtKZNZMl7Ftri1j8lPJLdHDr9TTwmobS1REhAil6N/vcQpEuNFhFEQ3UZiG7NGru4cGrsKcNyK8ut7m9+79REWzmEREBERAREQEqH6IHu47IvxExEakBw3suVK6rEgEVLVvb2SMYbHyIVhvo6OTrwxH5IAAAAAANgFzzjvvXbeeeNYtDA5sUkje2uiLImACJ8nXK36yURU7vecNLUSoiZLHpffvFlrdyObcuUtmpvpD3A6nt7CVqFpifqB37C1SB2HwPcQXzfIj/8AKzx4NQEanOqCfi/8NXNJa9G5Yz508UuMvijaysaXuFgXtIvbxXXp6qnqY9cLw4cCO0HxCwNwXDQblj3fE4rPTUdJSavZoxHrN38T+ZK6J6vfTz8vR7b3/h+oiLRi/9k=







",jpeg
2,CAPAS Wetsuit Men Surfing 3mm Wet Suits - Chest Zones Upgrade - for Swimming Diving Water Sports in Cold Water Keep Warm & UV Protection Full Body Back Zip Wetsuits,CAPASWets,$65.88,5.0,7,Only 17 left in stock - order soon.,Not Available,"/9j/4AAQSkZJRgABAQAAAQABAAD/2wCEAAwMDQsNCxAODBANEA4QExYRDRASGR8dFhsVHhgYEx4YFRsVFBwYGyAZHhsjKyQpIyA6LCYxGSYoRC5FOUsyLkIBCA4NDhITDhERExMREhYTJxsSES4cHR8TKQsfERYeFhcfEBYZHBAXIRcpDCMRCy8gKBwUJxYSERQeFg4bHTAeIP/AABEIASwAxQMBIgACEQEDEQH/xACgAAACAQUBAAAAAAAAAAAAAAAABwYCAwQFCAEQAAEDAgMDCQMIBwYFBQAAAAEAAgMEEQUGEiExQQcTIjJRYXGBkRSSoSNSU2JyorHBFTNCY4KjwjZDVGR0snOTs9HSFyQ0NYMBAQADAQEAAAAAAAAAAAAAAAABAgQDBREBAQACAgEDAwQDAAAAAAAAAAECEQMxEiFBYSIyURNxgeGRobH/2gAMAwEAAhEDEQA/AGqhCEAhCEHlbVwUNLJU1Dg2ONtz+QHeVAcUz00RsOGM3/rOdZ0h99YmcK2or8djwqm3QafAyvGu7vBqxDlGmLQX1Emve88Fnyz1dNOPHubWKTOGKwvbzjzU2k1Th+zWCPQJqYTjNFi0ZNOXB7AOda4ceOniQClJNlmVhLhUsuNrOijLFVVUGZIYJhd738xJ4PTHOX32ZYWe2jjQhC0MwQhCAQhCAQhCC1imLUWFxB1S+zj1GepSuhzziztbZo2GLY3VHskClee6GKXB31Q1c9E5tkmWiQtD4y35pHaudtdZJpvajMWLFkUQnI5lwkv89wJLS/1U3wjPbJdDMUjEZ3PkYlhsYyzwONr8FY26yRtcRew3AKq1kdJ088FTC2ane2SN+1rmoS2yDiNQa6WgeNURYXB6ZK6y7crNBCEKVQhCEAhCEAhCEC6xWlvnjn4/1boQ95HaxmghZQxiifUijDKjn3btgsPGziQt9iVHoxD2gg6TcxngC4APB8bBYBgo2SibQxsnVD/Feflvd29LCTWOmkxDFKGCf2UmR0w6wYFi0FIJ824dO4hrCznhr2bWbgsgw0clbUXDHOeQ8kWO0Xb6hbXDKLncdgkAvBTQh0h7HgksATDuaM+ru6iaIQheg80IQhAIQhAIQhBqcyRmppxSm7GvY54l4aglFhuGT1glLRoYwOdE63RLwC8tvwTnxiVulkNgX9fy3KJVUYgotNDHIZtbhDFHsZreHN1TfUZclY87ZldN3HjLJsq3PMjddiwWvt4jd8VZJLi3gQdgCkGNYa7DTCxmt8BY3XLw1jrBaHiPU9w32K6S7m3PKaujI5OYddZXVHGKNkPvHWmStHk3Df0dgUZeLT1ZNTN59ULeLtGe9hCEKyoQhCAQhCAQhCArhejl+zf0IKh9Q6fm/wD24a51txF/TaFMMRcG0MxPzbDxJAUMmZOGl9O8BxHVcNl/xF1j5e5+zbw9fy1VOH84/nWRMdYuuwW9dpTFwgR/o6FzABrbcnt2kJUzyVeoteNOo/KEJlZfrKaahjpmSMM8DPlIr9INLjZyjivrZ8Lc0ut/LPQhC2sAQhCAQhCAQhCC1isOun5wAXjPSPHSohHJeVzQdymlZLRxwOFZLFDG8EEvcG+hJSsxjFMLw9rmYNUPrKqTZrcPkox8NZWbk48srLGrj5JjuVv5Q2VjmyNDozsLSLgrTQYPhE+KQtnj0sc4B0bDYKFnG8bvtqne6z/wVv8AS2KmUTGf5RuxrtDf/FcpwZy73HbLmws1quhQAAANgGwBCX2U834jXYmzDsW5h/PA8xUNGg6xt0vTBW554QhCAQhCAQhYuPYvBgmGSVko1v6lPF8+U7ggyZZoYIzJPJHFGN73uDWjxLiAoxiOecBpLspTJXTDhDsZ5yPSfxGur8VqTU4jK6WQ9Rv7DB82Nu4BYYACnQkVVmfGqvEW1s7mFjLiKjGyIMK3UebqEstLT1DD2CxUERYlUuGN7dMc8p6TpJ67MYmYY6OnI/eSn8go3HPWRVbayKolZVtN2ytNiPysrZBttVCnHDHHqGWeWXdMih5Qq6IBmI0cc/bNCdDvcILVNsLzbgGJvEUc5gnO6GoGg+R6hSDBQ5rXCxV3N0qhL3IuYppX/ofEZNZDb0Ez/jEUwlUCEIQFbV01DSS1VU/RDE3U935DtJSlxPOmMVry2htQ03C22YjveVuOUWuN6TDm/wCpn+LGJZEq0FyWR8rzJM+SWR3We8lzj4kklUEAC/HiqN7gqy5SLLrKi1jfgthSGntIHsidK0F7TM4hhYGuvGGgbXuuC06htasKdsTJXtheZIgTofa1x4FB7UQyRSiNxsNMcrbfXYJAbjuKmuC52xWgeyHEb11L6TNH9aidaXOmie4NGqmg06exsYi9eisZnXCDpOgrqPEaVtTRStlid6g8WuB2ghCQ+EYxWYLWCppTeN5AqYD1Hp8UVXBXUcNXTm8UzA9n5g94KqBCEKAJWcoVYZsVgogehSx63D949NNIvNE3PZir3cBMYx/ABGpg0N0K3c6wO1XTsVh4AsyCBkrTd9nNNtFjc9lrA71SICKVk/CR7xbsDQ3f4lx91Wo5HxyB8ZIcPwKDLqaQQwMlDwRI4tY3ibDaQC0GwOxa0jatjUPlmtLM8vdYNHcOwCwAWucdtkFKAV4TsVtnWIUDIjnmpp4qmB2maF7ZIndjgbhdJ007KmmhqI+pNGyVvg4By5oduT9yXUe0ZYo+Log+F/k8pRukIQqhN53kL8zT/UZEwe4Cog42UlzbIJMy1ttzHNZ6MAUYfuKuCM3aPP8AFVEqxEejbsJV0oB/BW1df1QrZ3HwKDLqjc05/wAswehcPmhWWdZZdeI2sw/Rpu+iDpLfO52Xf5WWI3YCTuQVSOAZY8dqavJvXGWjq6F5/UvE0Pg9KGRxcRfe4/BTHI1Z7JmWJhNmVbHwH4Pb8WqA6UIQqjwkAXK51qpvaKqef6WR8nq4uXQ+Nzez4LXS8W08tvEtIC5v/ZVoLL3aXNd2ELIeVewmn9txygpSNTJKmMSj92HBz/ugquvh9nxGqpvoJ5YvdeWoLEb3adG3adgVWgjaUQM1St7iPD47NwKzqvm2uAbbaNu5Bgvcscq8/YrJQWyqGH5Qr12xSaowJ9NlOjxggiaeoPO90DxaP4s/moI+U2eTWpLqOupPopWSs8Hgj+hKbeEwOTiXTjFVF8+m/B7UDWQhFRIIaaWU7BHG95Pg0lVHPmJze04tXT8JKmVw8C8rWv3K843c48SSSrD1cWYt7gr6x2frFkqB4dyoO4+BVZVB3HyCkZFUQYKJwAFoXNJHG0sm1WXGzA3t2lXakOaymjdvbA0++50o+DlucsYUzGsdbSzhxpI43yVNvmgaB6vIUCNRjXITwCz6OZ1NX0tS3fDPHIPJwKsmnlpKmopZxaWCR0T/ABaS1UP2C44IOlkIw2UT4bSTD+8p4n+rAUKo02dJxBlms7ZNETPORqQhNmpqcpFZZlFQN4l9RKPuMSokNgVYT3k2oDPi9TXvHQpYtEf25FoMxsDMy4kP37j69JNPk+pPZssxScaqWSc/CMfBiU2NTCpx3EZx1XVUoZ4BxYEGHASHm177CPIhVTk85tVqMkP2cQ4erSFemN9vaAVIxnlW3lVcVQoFdLTurK2mpG76iaOL3nBq6MxXC4a3A58MYA1hg5qn7i0DR6EBIjLIBzNhoP8AiGFP9QOZ2ahdrhZzSQ4d4UtyPOIM004OwTMli+4XLX5mpBR5lxCJuxhl51v8bRN/UtZSTupK6mqWbHQzRyDycCpHRy1Gb60UWXqo7nzj2aPxfsP3Lrbpd8o9UTJQ0XjUP+MYUQLPgrLtp8ArzjZW9L+Ykkt0S5rAe+xdZWGKzrrKKxohd6yioFBXrGh8jGHc54aUKlxLdJG8G48bhSPHOBe5w2AkkDsHAeScPJxhwgwubEH9esk0s/4Ud2/F6T9UNE8gG4uJHgekOJXReWomw5ew9jf8Ox3r01AVOfKH2PMXtLdkddEJP42WjeoY8bCnTyhUIqMDbVDr0UrX/wAD7RFJk2IQPvJ0/P5ZoTxYwxe44tQtNydVAkwSaDjBUu914a5CqIXnmYy5mnZwgiijHuCT+tQmbY0qTZoOrMuIH97b0aGqOiMzTwwtFzLKyMDvc4NVx0LgbDQZVo9e+KibK/3OdK5+1ay553ucXepuuhcfmiocv1RsNAg5hoP17RLnoN0jSLkAmxO+3mAVEFTTZ4J3A7VW54c0W2WGlWl4pHhVKqVJQbfLezM2G/6lif6QGX43DF6Sq/ZgqoC732p/qoS2eBbNVV3shP8AKYFEX/mpvn+PRmTXwlp4z+LFCH8B3hSOlqY6qaFx4xsP3QlBnqXnMyPbwihjZ8Nab8DDHBGw72Ma0+QASPzU/XmWv+rIGejQEgjrzYErc19P7NlrCr7JKuWqqnfYvHEz4N+K07YZamohpYdss8jIo/FxDUyOUGgjpaHCeZ6kANIwdwa1SFlE2wJVxVAWFkFBSqCLqteILUrnPJc4kk8T6LozLMomy7h7x9Axvp0FzqRsTr5PKvn8vcxxpZ3s8nfKqKNvnAgZXr/sNHrIwJADcnrnpxGV6rvdCP5rEih1QkDEyA97WYiG8XQ/hIhZnJvAH0+IPd9LEPg9CgQvMuzMeI/6h6oyzTmrzRh0W8MmE7vCMGVZOaY3jMuIWa4jnb/caVueTinEmNVdUd0FPob4vePyYrUMLNErW0tLE61pKlpeD8xrXH8S1JLFHB+K1j29UzyafDVYJjZ6xMU1fSQaC8iEzAeMnH/lpYzyc9PJNbTzjy8t7Lm9lfWPjjZd5b9Z7eLNMuW8mcuMnFMfpy97yenz16667nayvF6vFRpUrxVIQZlBVileQWl2st0dzgQbldDjaLrmh9wLjeNoXS+HzCpw+lnbumgjk95gcq0LPlJjtXUE3zopGejgVBcMp/a8XoqfeJaiMO8NQJTK5QaSoqjh0NFEZZGCd7+5nyQUTyZTPObadk7Cx0DJZS1/2C1NxOr37fk6Ug8dfrx/EXf5qX4PIT8XO+IyB+IVkvB08rvV5KmISPIlD7bmMTvF4qGMzfxnoMUr5R3D2Sgi4mZ7/RizeT2gNLgRq37JK6Uy/wD5N6DFoOUGYPxSkg+igLz4vck7C8Xiq4rwqRQVSqiqEHqYPJvVaMTraThNC2UeLDb8HpeqS5KnEGa6TslEsR843KA0s8tvlar+oYXfzWBIi/RT6zuQMqV/hF/140gSfk/JIHZydwc1l98vGepkf5AMjQpDlul9jy/QQ8RAx7/tPHOFCqFJmirqGZlxGKlBDn2ifoF3FhiYpZyaQBmH18u576kRuHcxgP8AWtviUMEOKTSQRtZJKGuncN7naQLnyAVnC6x9JXsjaAYamQMmHZIdjXjzsCuP6n1eOv5af0vp8pfbevhAs6z8/mao7IWRxD3dSiq3OYyTmPET/mHhaZaWZ4vCvV4Sg8QvUIKHDYU9ciVftWWoGnr0z307vI6x8HBIwpg5IrWwYTi0Tn6TqjezzDg74NVbdS1aTdkSnFao1Eh5oWiju1nae1xRlinglrZaiRoM0LbQu4jVcOWOIKptGJamPmi8FzASD0eG7jYhZmVyPaqgD5n5hYMd+ctehnqcdk6/tJUq8Wy1hYEk9MZoWlxL2B12+WpNSrk5umkdxtYeJ2KCY7M2DC7EgPlOlgWjPKzpm4sZd7m07oaaGjoYKanvzMMTI4iTcloAAJKReP13t+NVlSDdhkMcP2GdAJuunmw7JvPT356GhA/jLAxiQ4vZaIzPV4SvLqklSPCVSvCV5dBWs7BpeYxygl+ZUxfF4CwFXBc1UNth51hB/iCBz8otUyDLZhPXqZo2M8jzqS1LEamppqdu+aWOIeLnBqm2Z8VmxmulYwg4dSvLYBwcdxkK2WAYThL56CpfANYka5pBI6Y2g7DwK4ecl07ziutmY0BrQ1uwAAAIXqF0cEexMluITa+4s8NIWpNNLS0P6TdIHc5IJmMtbQY3dt+OlSrGaN8zRPCNT2Cz2jeR3eC1uHOpauB+G1uxryXw/m3xG3yKx3H6r8/bfl6OOf0S+09M57+JR48Q/Ha97eq+d72+BN1qVusxxCDH62FnUZIAzw0tWlK3vOWyVmYRSHEcViogC4yMmLR3thkkHxasFymfJ3Bz2ZXzcKeme4eJIjUCHtOpt16trjdJ7DjldS2s1kzjGPqO+Ub8HLVqR4VMMkQ09XW1NG/WJZWB2r9jQFDypRkdmvMrWa5GaoZQdCrZuWLS2WWGDmWta61PTkF3UbZbXLdA6lo+elBEk1tIO8M4X73LZUuF0NLI6RrDJK7+8l6Th4bNirXCY3fle3bLOamGPX5eYlEZaN1ibs6fjZLvMVO+swp8UDecqRodH4NO23iD8ExVpq/BJH9OkLL72tl2Fv2HNsQozl7i3Hlj1bppcw1Mr8i0xl0iWZlOyf7Ybqd8WJRJn5ugqqbLNLHVyl0vtWpzd43PAAKV60zqM17rwqgqtUO3FShZe7S3v4LyMEi53lZ76B5wL9K36HtnsWnv5rnrrFj6gUCpUbiFcV6ihjqcQpoJn83DJMxk0lwNLC4AuudgsFI3+IUkuHYZh87pGvFex8mi1i2xHqHAhSjKczpWU7Po5vPTvWlxjRjuLQQYaJThdDG2khcwXJ7XRhMPL2DR4RBqs4ON9DHG7rne9/eVj1uzX59a33LWN37z0n9f9b5CELSwBePw+jfOydzAJWODwW7BqHEheoUJlsJjOsRizNUdkjInj3AFFCmNyj0xZXUVXwkidAfFh1/1pcrohaemfyYQbMSqjxMMLPvvKV8nVKd/J5CI8stfxmnlf+EaiiJcodIYcYgqwNlVDpcfrxqBp05/ovaMB59o6dHK2X+A/JlJZB4VJckm2aqX7Ev+wqNFSjIovmqDujmP3FIdaEIVAIQhBDuUT/6mm/1H9BSeTm5QmXwKN/zKlnxa9JlXgFakNmFXFS2GSqqYKWIXknkZEwd7nBoQMoYWP/S/94R7f9/840tI/wBW3wXR9dRsGAVFDGOgKJ9PGO4RFgXOEf6tqiCpbTLsLKjMVBFI1r43TDWxwu0tAJIcCtUpLkpgkzZR/UEz/SF6kO+OnpoTeGGGMgWGhoGzs2BeoQqAQhCAQhCCM5+pPaMvmYdeklZN5bYikuIpjHzoY4x8XcF0BmcA5drwdxh/MJKskjZl54v03zNYwd1tvwBV4I9L1Sn9kgWynQeEvxnlSCntw7F0Fk5unK2Hd8RPq95UUbXEqYVmHVVKf76F8Y8S0gHyK5tFxsOwjYV0mufcTgFNjlZTu6sdVI3y1khINcpvydRa8enl+ipj8XsCiVXzfPudDYM6JsNwJaLhMLk4a0z1kn7pjD7xQMdCEKoEIQgj+eQDlubukiP3kjU9c7i+WanuMR++Ei1eCkqS5Io/bc0wvIuykY+od/sb95yjDimdyY03QxGsPF0cDPi8qAxiAQQdxFiucJWc1NLH8x7m+hIXSCQeYIDTY9Xxfv5Hs8HOLwkGmKmXJ8zXmQv+ZTyKGlTXk8fbMT2/PpnoHAhCFUCEIQCEIQYWZv7O1/8AwHJAi/NNP7IcU9c4Sc3lmt+u1rPV7UirPbTR33SaiPwVoNdNYF2ndewXTWD0posJo6V2x0MEbH/a0i655wWBlRj9BTydR9TGH+8CuiFFAkxnqm9mzLI8bqmKOf8AGP8AFic6Tmfp+ezKY+EEEUf4yJBFtV4ww8NoPjtTJ5OGAPrncSyH8ZAluzohrbC9+kfOyY/J5/8AOxPs0QqQxEIQqgQhCDUZwYDliu7mMI/5jEhOC6FzLHzuXsQb+4e706a564K8Fp/VKeHJ9AIcsQv4zyyy/HR/Qke/qlPrIz9WU6HuErf5z1FG9Sl5QaXmMbjnHVqIG++0libShXKPTB+FUtTxhn0eT2H82KIE+pLkubmc10fZKJY/WJ6jSzcIn9mxugn+ZUxE+GoBWHRCEIVAIQhAIQhBGOUB5bls/XnialLVDRTUjHdbmxJ5OGpNnlBF8ueFTEUmqiczCMkWLGNjHgBZXguYRNzGO4fOdzaqIn3wF0SuZ2uLZonDe2RhHvArphVoEgcxzc/mPEZOAqHMHgz5NP5c6Yntxev/ANTMfvuSAP7R7wmhybwn2WvqvpJ2RA/Ybf8ArSjdI4MIvsT/AMnUBoMuUjHi0kwNTL4ybR9yymjcIQhVAhCEGJmR+jL2Iu/y0g9RZc7jcn9m82yxX/YZ8ZGJAA7FaCh/VKeeQNuVafukm/3lIt/VKemQBbKtN3vmP3ylEkUez2zVlmf6kkTvvqQqPZ7NssVHe+IffCgJSkpxVFwMgj06dpAttNuLmryopTTRtn51uppD2N2bTcbrPO5FHVeyPc/Tr1N0287q3UTxSu6MNnO2MGw9I8do4lWHSANxderxos0DsFl6qAQhCAQhCDU5xhE+Wa76jBKP4Xhy5+3tC6WxaLn8JrYfpKaZnrG4LmcdVWgyKKB1ViVHTN3zVEbPV4XSKR2SoBPmuj1boRLN6MICeKigXOeJkHF68t3Gqmt77l0Yuaqh2urqH/Omkd6uJSDKwqj/AEji9HRHqzTNEv2AdT/ugrooAAWGwDYAlNycURnxietI6FLDoYf3j02koEIQoAhCEGszc0uyxiHdEHej2uXPnBdJY1Dz+C18XF9NMB7hXNg6oVoLcmxhXQuToTBlbDmHjEZPfe6Rc9Pa+RzIoxqfI4MYO0k2AXTVLA2mpYadnVhjZE3wa0NSj1R3Pv8AZef7cP8AvCkSj2e/7LVXjF/vCqERwWxwOnFXj+HwcHVDC/7LTrPwC1Y3Ka8ntNz+ZTPwpYHv83fJK4cyEIVAIQhAIQhB4QHAg7iLFc2SsMc8rDs0SPb6OIXSiQGYYTBmHEYmsfp9pke3wcdamCRcnMWvH55PoqU/F7Am6llyaQzMq8RkfFKGGOIMkLTp3uTNQeHdtXPNfhNdRTvDIZpqd7iaaaMFwcy+y+ncU+cyVU1LhMhh60rhDq7A69yomx4DYGDcNNwuGXJqyRow4/KW1t8jYVU4XgZ9sYI56mUzubxDLNa0OUjQhdmcIQhAIQhB49oexzTucCCuanDS9zexxHxXSy5pmex1RMQdhleR4airQbPL8QnzJhkZ/wASx58G9NdBpG5JYJM3UX1BM/8AkvTyUUC0Oef7LVnjF/1GrfLQZ5IGVqy/7sD32qAgx1U3OTKk00NdW/TzNhZ4MF/xelATZi6GyZSikyvQs4yMM7/F7y9Wo3CEIVQIQhAIQhALWYtoM5AAuYgHepWzWlxF1qqQuIO4C3guWfTtx/cqy49o9ph2agWvA9Qtwo/l5pNbO48GWHm5SBOP7Ycn3VHs3lxio2bdLpXXC19A1vt1NrAPTaCFtM0lh9iZs1c65/kAtRE8x1EbxvY4ELhn97Rh9iaIQhbGEIQhAIQhAKH1NBhNS6R0lFRm7nG/NtB2ntAupbW1kMUb42HVKRaw4eKjD5Axlu3Ys+d6a+LHu6WctYRhcGLvqYYGskjiPNOudlzoKmC0+AttM4neYr/eW4V8N+M25cmvK6Cw8fbSzUBpqmOKYTEDQ8eeodhCyyQ0EuIAG0krQV9Qyqqy6M3jY3Qw8DxJU53Upx47vxEIqcqYS+SIQOqoudeGuYHAjy1sJTXpaeKkpYaaHVzUEbYo9RudLRpFyooXNjqaV5FwJm3HmpWq4W2Xd2tyyTWpoIQhdmcIQhAIQhBTPiFJDdjXNc9uzSO3ftKjU5Ege7WC7e5ZVfQ0wY7Trs93S28HHbw4haFoANRMOu8NZ3BoLrBqx5ZX3ejhxzuVtsAnY3EXwDa5zNvdbpKSow+mp4KaN0UbGvfG0yPAGpxIB6RAuULTjNRizu6huPVEb8UMhcS2DTC1gG0cXFWHvawu1hwLbbO2+4jxIspxYIDWg3AaCuN4rbbt2nLJJPH/AH7/AOBhs5qKKJ5BabAEL1CFojNQhCFKHlZWRUoAI1Pd1WBaufEJ526W2iad9t/qtrNTU85BmZqLeqbkfgVScMozwkHg5c75O+Nw9N72jwAts814+Brt62j6KBu1jpR5j/ssGRhZue/zt/2Wa/LXPXp7QTxwYsyJ26WIxsPDULP+IBW5xWvfh1Lz7YXzDcdPDvNgo7h0YlxiLWSdAc9viApMu2Ftl9vX0Z+SSZT39PUoqzMVTW1Y9snHMCUEQM2MCmMD4ZIg9pBaQC0hSubD8NncXT0lJK473PjaT6lqxZ8Kw6GE+zxNgI2gRbB6blXLC972tjyY9a0j7ZY466le8AtEgBB7+j8FK1E30sc1XGx7pNOobiP+ylicVt8kc0n06/AQhC0sgQhCD//Z







",jpeg
