,Title,Alias,Link,Seller,Price,Rating,Review Count,Availability,Features,Image Data,Image Extension
0,Nintendo Switch with Neon Blue and Neon Red Joyâ€‘Con - HAC-001(-01),NintendoS,https://www.amazon.com/Nintendo-Switch-Neon-Blue-Joy%E2%80%91/dp/B07VGRJDFY/ref=sr_1_1?dchild=1&keywords=nintendo+switch&qid=1614629290&sr=8-1,Nintendo,$299.00,4.9,"65,625","In stock on March 12, 2021.","['3 Play Styles: TV Mode, Tabletop Mode, Handheld Mode', '6.2-inch, multi-touch capacitive touch screen', '4.5-9+ Hours of Battery Life *Will vary depending on software usage conditions', 'Connects over Wi-Fi for multiplayer gaming; Up to 8 consoles can be connected for local wireless multiplayer', 'Model number: HAC-001(-01)']",https://images-na.ssl-images-amazon.com/images/I/61-PblYntsL.__AC_SY300_SX300_QL70_ML2_,jpg
1,amFilm Tempered Glass Screen Protector for Nintendo Switch 2017 (2-Pack),amFilmTem,https://www.amazon.com/amFilm-Tempered-Screen-Protector-Nintendo-Switch/dp/B01N3ASPNV/ref=sxin_9?ascsubtag=amzn1.osa.b014b1f6-ce0e-417e-b65c-abae71d587cf.ATVPDKIKX0DER.en_US&creativeASIN=B01N3ASPNV&cv_ct_cx=nintendo+switch&cv_ct_id=amzn1.osa.b014b1f6-ce0e-417e-b65c-abae71d587cf.ATVPDKIKX0DER.en_US&cv_ct_pg=search&cv_ct_we=asin&cv_ct_wn=osp-single-source-earns-comm&dchild=1&keywords=nintendo+switch&linkCode=oas&pd_rd_i=B01N3ASPNV&pd_rd_r=58c6d1cc-ac7a-4f1a-ac20-4034392ed627&pd_rd_w=UIf2A&pd_rd_wg=gtuvg&pf_rd_p=35b32c02-1b41-4e49-9b89-0297af2446e1&pf_rd_r=RCSKH61HXBAJKNB16T7C&qid=1614629290&sr=1-2-64f3a41a-73ca-403a-923c-8152c45485fe&tag=popularscience_os-20,amFilm,$7.79,4.8,"75,047",In Stock.,"['Specifically designed for Nintendo Switch', 'Ultra-clear High Definition with 99.9% transparency to allow an optimal, natural viewing experience', 'Ultra thin-0.3mm thickness is reliable and resilient, and promises full compatibility with touchscreen sensitivity', 'Highly durable, and scratch resistant - surface hardness 9H and topped with oleophobic coating to reduce fingerprints.', 'Includes: 2x GLASS Screen Protector, Wet Wipes, Micro-Fiber Cleaning Cloth, Squeeze Card, Easy Installation Use Guide, Hinge Stickers']","/9j/4AAQSkZJRgABAQAAAQABAAD/2wCEAAwMDQsNCxAODBANEA4QExYRDRASGR8dFhsVHhgYEx4YFRsVFBwYGyAZHhsjKyQpIyA6LCYxGSYoRC5FOUsyLkIBCA4NDhITDhERExMREhYTJxsSES4cHR8TKQsfERYeFhcfEBYZHBAXIRcpDCMRCy8gKBwUJxYSERQeFg4bHTAeIP/AABEIASwBLAMBIgACEQEDEQH/xACnAAABBQEBAQAAAAAAAAAAAAAAAQIDBAUGBwgQAAEDAgIDCwkHAgUEAgMAAAEAAgMEEQUSITGyBhMyMzRBUXFygbEUIjVCU2FzkaEVI1R0gpLRFlJDYrPB4iQ2Y9Ilg6LC4QEBAQEBAQEAAAAAAAAAAAAAAAIBAwQFEQEBAAIABAMGBQUBAAAAAAAAAQIRAxIhUTFBgRMiUmFxsSORocHwBBQyU3Ki/9oADAMBAAIRAxEAPwDv6vFajfXxQAMDSW5jpKbh952zPndI+TOAH5iDbKNGghZ9QP8Aqpu27xWjhY+7m7Y2QgvATN4E0g7ViPBSiesbzxP6wQfobfRNFjwSDbQbIQSiskHDgd1xuB2shQKyn9YuZ22uH1IsoUIJmyxO4L2HqKVVDHG7hNaT02TRG1vAdIzsuI8CguoVYSVbODMT7pGgj/8AHI76qQVdWOFHC8dLSQfkb7SCVCQV4/xIZm9VneBQKylOuQN7dx4gBAqEjXNcLtIcOkJUAhCEAhCEAkJAFzoA1lKuI3S4nLX1UuGUzyyigNq+RuuST2PU31kGxPuuwqOrMFPHPUsZffp4gN6DuZrSSM6zpt11WT/09HGB/wCR5OyAuUAY1obG0NYNAASE2BPMNKvSNul/q7FfwlL83JP6uxX8HS/Ny4WaTEG0rq9r4t4Y4NMOgnTfXbzhqOklaMT99iZINAcA6yah1dR/V+K/g6X5uR/V+K/g6X5uXNppNhckADWSmobdL/WGK/g6X5uR/WGLfg6X5uXHGvog7LvrLqwJGu1G4Tobrqf6wxX8HS/NyP6wxX8HS/Ny5kFOTUNunZuxrwby0MLm9DHkFb+HbqcJrniGQvpKh2hsc+o9h/BK85UMsUcrS14BTRt7IhcNuWx2eCpZhOIvL2Sej5zr+E87K7lQsIQhAIQhBzU/KZe27xVukyfZ9c18u8B2gy6st2WuSoKgWqZu27xV3DbGGoYQCHuAIOkEZedYysukjbQTQxVMfkshicIqqndmgqGsbnJkb/dYXVzy+ZkLZp4pGNkLBACy5eHglpbkPu0jWLhOhoaeklDhHvxsWhumzGu0HewXFo0JIqUw5M7pnCGVj4WF2YBjMwDWjKNFnLzyZR48Znj08P5PpL/N7TsrGvkdGAwuZmzG5a3zeFlL2hpyc9naE+OrgkZnbcx3sHts4X6Pu3OWY6gie+eEPa2F4lMUhac4MoLtefKWtJPqprKXfhE6VjMpnY6ZheXAtEUkYPntbrJGiyrmyXMs+0astXTQxmWVzgwEA+a69zoHm2zaU6CenqmF9O8PANndIPQ4EAhZNU2RmCQMccsjJoWh2vLaT/ZSSU1TDUskbWNlnq5GxTPiYA0RMje4CwJFyQt5r26abz5bnTpqb77vr6fvGwmrCdW1rmZWyxb5IBIbN4m0wi3t9j6wPPp80qycTymUyQu3qMvYxzb3L2P3qxu0NGd2rSq54ucXH6NRJ1qia4xzGOohkhDY98eTY2dmyZRlJvfmUzKqleWND7PkvkY4EOu02cCDpBBVbi5lj3PMMJNyxub+4CzvmNKUCRvAmqG+7OXbeZPcQ0FziAGi7idQCjZLDKwPjkjcw6GuBVLTCorm/wCJG/3Ob/uCpBX1A4cLHdh3+zlUmlggymeRkYfoYXm1z7rpwIIu0gj3ILzMRhAAkjnYexcfNmZLHVUshyxyxl3RfSqCieActwCQ5tvmEGpilX5DhtTVDXDE5zO1qH1XlDWGGnjjJJe4b5M463Pccxceskr0XdX6Bn95jB/e1efz8MdlvgqiarPIY0uOoC5WZLVVsMYqZIW+Rk2z/Q26SOcLTOV4LTYjU4LOfQvk8ySoeaYG5i+ttdvkFTAaCmlIeXSb2dJjv5v82SPmrhE6engYaSI2JJAOi2gafeNQSPrxFa8D/J9Qk93SBb/dK6lklZlhqZGU0nnOjGo/W30QXIpWTRMlZwXgELNrS6aYQA2YAC4dJNzp6Q0N+q02RtijayMWY0WaFn1kb2SCeMXFgH+4i9j1EEgoMmeJrNAAPWkopTFNvQJMbm52DoOohLPM13QFJRU8j5N+cC1obkiB121knrWNb0Zu0KdVXExQueATkaXZRrNlRw+tlqSc7Q2xA0e9GNhInFIqYq1TXGHOw5ZIyHxuGsOGkFez4XVivwylq+eaFj3dq3nDuK8el4p/UV6XuO07mKL/AO7/AF5VNVGuhCFCghCEGBMPv5O27xVzDuBN2xsqtNpnkPS93irWH8GbtjZQXkiVCBha06CAQmmOMm5aFIkQRb1Hle1wzMfw2lQOpwW2Ia61sriBdW0LNROozXUMZEoGqbjBc5flqNlCaHTITd2+MyPBA6ACRltYkgG40rXKRTyxPJiw3Uc4Y3M8uflLZHEkkm++NcS7Nch4T6aOWKoEsozzPEhkOgXe9weSOjVZbCo1NOySbfd8bHMWCOK/azHTr0jRoWckT7OH1Blkp5Y2NljkexzWPsCASLA2BPgufdQOMbxLveud7Gvc7Q90MbGEGUAkh7FrPp8RMMO9VIkljLjM+9g8FzLAACwytBTd8xqMtLoo5OZwH6NPmkn+5W69VBtFO6piZCQIBIXh7rSs0wtD7hzvXeCmh1XHVO3m8LnuZC1zmeaGuqJBwdAOhXnVcucCootFjnIFze51XbzgaNOkuCH1tLDJJHM2WMscWxuYXEHR8hdDqrQVeJVDAPMzGNk14hpsXOYQQ8kG5bfvWyb5WZrB12ZgOm4uqUdTSOcze5JGPeTGMzecacpJHy7QV5/N2m7QWjRxemgqsMqI6hpcwMMlgSPOZ541e8LyufM8kNNnFgDXdBtrXqtRIyKnlkkBcxjHPe0c7QCSLFeP7o8bhrZYmUEQo6Zjbv0Na97v0qoVSpaarZVPe9xDfXPtNfystQtuCCNB0Fcp5XJ+Id+8/wAp8U1RNII4pnF5/wA+gDWSTfQAFqWpNR1skXkwlApb3I/3IGsrQjjEbGsaPNaAAsPJU/i2H9Tv/VGSp/Fs/c7+Fo37FJYrAyVH4tv7nfwjJU/i2fud/CMbRp4S7NvbL9Nk7e/csPJU/i2/ud/CMlT+Lb+538J6DdylNbCxhu1oHUANkALDyVP4tv7nfwje6n8W39zv4QdBYpLFYG91P4tv7n/wje6j8W397/4QbUoO9P6ivS9xv/bFF/8Af/ryrxh8NU5htVNP6n/+q9e3LTyU+5uijMUkpAk89hZlP3r/AO54csqo6BCiFc6NhJpaggaXZSwnuAkuVJFLHNE2WI5mPF2lQoqEIQY0wG/ydt3irNBwZu03ZVea2/Sdo+KtUBs2cdLm7KC2kSpECJCnJECJEqRAiROSIEUE0QlDQdGU3Gj3EKdIUGUaGcNAZIGjK1rwCdOTS2x7WkpfJq9jSI5C67AGm5AD8zi71+ghafOuVrKHFnY2KmASGnMkZLmvAGUWvcZgVGVs10t6uWeVxksxuXXXp3a+fEW8ISE380ZRY+a2wNhoBN7m6c+oyzmOdjBHmOkt1ANcQcxNiXWFtC52J26CKepz+WZRHKY8wLm5uYtvcJjcWxmKgfJJcyNmYwGRnqlryfALl7WecscP7jHzxyjcE9MSHvpmNdrd0tIebk3AIAsD3hab+btN2guTmx2dgpjLT08hmjD5Mw598ezR+1dbKLEdpu0F1xzmW9O+HExz3y+Xi0MR9G1f5eXYcvmzGOUM+GF9J4j6Nq/y8uw5fNmMcpZ8Nq6OrJWhhnKHfCeqcUTpb5baOlamHU8gqHXLeLegs2S2U/k8nS1Hk8nS1d3NBYIsFpHDZm6HSMzesBpsei9wk+zpPaD5f8kGdZFgtH7Ok9oPl/yR9nSe0Hy/5LWM6yLBaP2dJ7QfL/kj7Ok9oPl/yQZ1kWWl9mye0Hy//qa6gewXMg+X/JYKcOiTRzg3Xsm53/t6i7Mn+tIvJ4qM575+Y83u7S9UwJ8keB0kYiL8of59wL3leVla3QlwkgYezrdtFU3VEzWF28HQL8IKekmkpqdsbYCee+cc+lRZWxbQmeWz/hz+8fwnQYhTytdvl4ZGOLJIpNYNgebQQQQQVC2VLxr7asx8VYoeDOOlzfBQzcdJ23eKnotAnHS5vgsFooSpECJEqRAiROKRAiQpUiBEhSpECIQkQFykJvrsetBSIInxU77b5FE63Bu0aOpD+btN2gpFG/1e2zaCDSxH0bV/l5dhy+bMY5Sz4bV9J4j6Nq/y8uw5fNuM8pZ8Nq1ipR63dy2aDlDvhuWNR63dy2aDlDvhuWwaKczjGdoeKanM4xnaHiuyGo7hHrTU53CPWmrsgJUiVAIQhAKKfgd6lUU/A70EMXC7l6Tgvoem6n7b15rHw+4r0rBfQ9N1P23qOw0HtL2OaCASCASn08hlp2PcA0kWIGkXGhATKLkrP1bRU1sWVi1XK5utuwxbQVeKkiqQ+aQkOc8iw6BZngFyq4jlFpX9o+Knojom7TfBQScY/tFT0WqftN8FzWtpEqRAiEIQIUiVIgRCEIGpEqEDUiVIgQpEpSIEUb/V7bNoKRRv9Xts2gg0sR9G1f5eXYcvm3GeUs+G1fSWI+jav8vLsOXzbjPKWfDC1ipR63dy2aDlDvhuWNR63dy2aDlDvhuWwaKczjGdoeKYns4xnaHiuyGo7hHrTU53CPWmrsgJUiVAIQhAKKfgd6lUU/A71ggj4fcV6Vgvoem6n7b15rHw+4r0rBfQ9N1P23qew0wmUXJWfq2inhMouSs/VtFTWxZCpxV0tGZIHMY/LIS1w0aHAP0+8XVwLFqeVzdbdhi5VcX38Y7tFT0R0Tjpc3ZUD+Md2ip6M2E3vc3wXNa0kSpECIS2VGoxHDqU2nnjDudrdLvkFlsnjdJtk62yLiRYbt0WFDVv5/SnMx/CXmxfIztNUe0w+KOXtuF8eLZSKOGemqGZqaWOUDXlOkdY1qRdHaWUiRKkRpEiVIgQpEpSIEUb/V7bNoKQqN/q9tm0EGliPo2r/Ly7Dl824zylnw2r6SxH0bV/l5dhy+bcZ5Sz4YWsVKPW7uWzQcod8NyxqPW/uWzQcod8Ny2DRTmcYztDxTE9nGM7Q8V2Q1HcI9aanO4R601dkBKhCAQhCAUU/A71Kop+B3rBBHw+4r0rBfQ9N1P23rzWPh9xXpWC+h6bqftvU9hphMouSs/VtFPCZRclZ+raKmtiyFi1PK5utuwxbQWLU8rm627DFyq4vv4x3aKnozom7TfBQP4x3aKnozom7TfBc1rSTQGuc4hrGi73HUAlK57dNUGCgip2cOqcc/w2/wAkhRllyy1zzzmOOWXb7sTFsdnqi+Gjc6GjGjMND5ElBuerKlglqCKaI6Wh3DPcnbnKKKoq3TzAOiprFjOYyLuSbleTDDn97Pr2j53D4V4v4nEtvaOeZubwxo859Q89YCR+5zDHcB87O8FXsWqJ6WCOWJ4ZGHE1TgGmQRgXuxjyA732U/lbXVrqVjNEcQlkkLgDpBcA1h852pen2eHwx7fY8L4Iw6XBKmgxCKoppmviBImB0OyFdMVkvxZsdNSzvppgaxzhDGCCco9ckKcV0Rr5qIRy5oGZ5JPVvlEmX5OVY4zHpF4YY4SzHpN70upCqtBWR18RkbHJFly3Y8i9nNEgIykjSCs2kxOd9PNUVMeeGPJkMTC053SGLexnNnkaDcK3VtpFUNbEKo0pZIJQwv02tmDN9Meu98vcoGYlC4UgkjlZLWAuYzXlAIF3EHVchBopFRfXsEYkjimew1ApQek5zGXN06QCCh+IUrDODvhNOLvs3hachydNnILhTH+p8Rm2E7WAbEXF7HX3prtbPiM2wg0sR9G1f5eXYcvm3GeUs+G1fSWI+jav8vLsOXzbjPKWfDatYqUet3ctmg5Q74bljUet3ctqg5Q74blsF9PZxjO0PFMT2cYztDxXZDUdwj1pqc7hHrTV2QEqRKgEIQgFFPwO9SqKfgd6wQR8PuK9KwX0PTdT9t681j4fcV6Vgvoem6n7blPYaYTKLkrP1bRTwmUXJWfq2iprYshYtTyubrbsMW0Fi1PK5utuwxcquL7+Md2ip6M6Ju03wUD+Md2ipaMn74dLm7K5rW+dcbut9IQM5mwDbcuyXJbq4XZqSp9UtdCdoLz8b/CvH/Uz8PL6z8tru5gNGFSkcJ1QQ7qDGreXLblp2ZaildwtEseyV1JVcK+5ivgWXh4MLHa/yBlOd4gnzuPHC4BCwjuknLxIaWjMoGUSWObL0Xuu4IB4QB60Wj/sZ8gsyxzt3M9TtpmfD4ltuPE5Z204d26GZzAH0dG5rDeMEGzSOdq6Z1TC2qow6FhnrYiXSjWAG5sp5yFyG6H0vNYAaGaB2Quil9IYP8J/+muOOWW8pbvVk/8ATy4Z8TecuW9ZSenPqttrI49EbWsGi4aLahYfIKtVyQUtDJI6NpihGZsQGguuC0AdpWysbE3MfU0NG5zWtkl36YnVkj06esr15XUv6fV9HO6lv5f9W6n3WaN8FYwVphZHU+dDLzvaWmxZdVqySnpZaenpaRs9V50lNG3QI287r8wJRRPZHi1bTsc1zJctVFlPT5r/AKor4K4VcVfh4ZJNHGYZoHm2dl83mlRu8vz3q9/Hr0cubLk3N7l1b56l1bJ+sOpAyo36KpoRTPLhLK3Wx773zgjnuqklQDU1AocPFTYhtZNcNDnDTYX1kLQocQjrc7CySGph4+CTWPeOkLOPl+FTTyRQ+VUEzzM8M42MnX1hZb0mrdeeXnr6fdlyusbMrZ55a66+mvTJsQy79CyXK9heLlj9DmnUQUO1s+IzbCSGeGpgZUQOzRyC7T9CD7wU8cZF8WLbaur0Twnn82jiPo2r/Ly7Dl824zylnw2r6SxH0bV/l5dhy+bcZ5Sz4YVCpR63dy2aDlDvhuWNR63dy2aDlDvhuWwaKczjGdoeKanM4xnaHiuyGo7hHrTU53CPWmrsgJUiVAIQhAKKfgd6lUU/A70EEfD7ivSsF9D03U/bevNY+H3FelYL6Hpup+29R2GmEyi5Kz9W0U8JlFyVn6toqa2LIWLU8rm627DFtBYtTyubrbsMXKri8/jH9o+Kmo/8XtN2VC/jH9o+Klo/8XtN2VzWtqrXUkddRyU0hsXaY3dDxqKtJFlm+jLJZZfCvMP+twyuF7w1UDri+oj/AHa5dtRY5h9W0Ccimn1OD+AT7nK/V0dHXR5KqMPtwJBoe3qK5qfcy696WoaRzNkH+4XjmHEwvu+9Oz5k4fG4VvJ7+PZ1gfC4XZJE4dIcD4FRvqKWLTLNCwDpcFxJ3OYoNRg/cf4UrNzVaT97NA35lXz8T4HX2vG/1Vn43NBPiU0tO8PiIaGv6gAuirZPJ58JqCyWRjITnEbSSLsDU6Dc7QR6ah8k/u4LVvizGhrQA0ABo6AFmPDy963Utu/XbMODn79y1jcrL6zLbMgxWKonZE2nrGZzw3ss0dZVYUjK/FKqWthLoIQyCmD9R9ZzgrGN4hLhmGmriYyRwkZHldq0rl/6mx19N5SygZ5MNc1nZF6OW3W7vq9fJvXNebV34fLt67b89DHRVlHU4fBYCQxVTWezeLZj2Vbq659JPlfTVEkJALZoRm087XBckN0e6J1MaplFGab2oaS1Qf1Pj/k/lIhpxTZ96EuTRntmy8JOXW9dCYa3y3l3d/Leu3z06yiE1ViMte+F9PEYhBC1/DdpJLnBI7E6yJz2Ow+pdKCRHksY3dBuuVdj26Y0nlZbSsg9UkAOIvlu1hfnIUMmP7p2RyPeYGMiyZzlHr6WAadJITlvlfrTlsnTKy73bqeN+X2/d22G08lJQsimsJSXySNGoFzi/KOpXBxkXxYttqz8IqJqzCaapqCHTShxkI7bmrQHGRfFi22qpNSRckkknhI0sR9G1f5eXYcvm3GeUs+GF9JYj6Nq/wAvLsOXzbjPKWfDaqaqUmt3ctmg5Q74bljUfCd3LZoOUO+G5bBopzOMZ2h4pqczjGdoeK7IajuEetNTncI9aauyAlSJUAhCEAop+B3qVRT8DvQQR8PuK9KwX0PTdT9ty81j4fcV6Vgvoem6n7b1HYaYTKLkrP1bRTwmUXJWfq2iprYshYtTyubrbsMW0Fi1PK5utuwxcquLsnGO7R8VLR65e03ZUMnGP7R8VLR/4vaGyua1xCRCASIQgE1CEAmpUiDnN13oB/x4lyVJT1MGFvrN/jkfNA+KCn30ARwnhOeC79rQF6BilAzFKI0kkjomF7ZC9oudC54bjsOHCqaorRzQrqaloaR8YkkrBTzQts+0TBIXsO+Mtdxs5PM+Gig+zs784pgd8uN43++/9rNpyLqBuSwYa31Z/UP/AEUo3L4CNbJ3dciDha5sFVBDVx1MIMdPDA6ldcSh7GiIhotYg8JTYnW0lZSNja4MfTZDFYaJbxsY/P8A54y1dyNzm58HkxPXI/8A91IMCwFuqii7y4+L0Ddz3oCj7L/9R61hxkXxYttqZFFDBE2GnY2OFmhjG6hzp442L40W21YNPEfRtX+Xl2HL5txnlLPhtX0liPo2r/Ly7Dl824zylnw2rWKlHrd3LZoOUO+G5Y1Hrf3LZoOUO+G5bBopzOMZ2h4pqczjGdoeK7IajuEetNTncI9aauyAlQhAIQhAKKfgd6lUU/A71ggj4fcV6Vgvoem6n7bl5tHa/vsV6Tgvoem6n7b1PYaJcGi7tARSNcymY1wsdPiSmvYX5C1xY+N2dhHTYtsQdYIJUlPI+WBsj7ZjfNbVoJCiqiYLFqeVzdbdhi2gsWp5XN1t2GKKqLcnGP7R8VNR/wCL2hsqvJxj+0fFT0f+L2hsrktcSIQgEiEiASISIBIhCBEiWyLIGpE+yaQgampSkQIkHGxfGi22oQONh+NFttQamI+jav8ALy7Dl824zylnwwvpLEfRtX+Xl2HL5txnlLPhtWsVKPW7uWzQcod8NyxqPW7uWzQcod8Ny2DRTmcYztDxTU5nGM7Q8V2Q1HcI9aanO4R601dkBKkSoBCEIBRT8DvUqin4Heggj4fcV6Vgvoem6n7b15rHw+4r0rBfQ9N1P23qOw0wmUXJWfq2inhMouSs/VtFTWxZuBpOgDSSsySmqJppJYmOLHkZSdGpjRzrQkjZNE+J98kjSx1jY2ItoKq/aFZTvfCXMmDCA17x51sjTpyEArlXSIpOMf2j4qai/wAXtDZVaQ/ev7TvFWKLVL2hsrmpdQkQgEIQgEIQgLJEqECWRZKhA2yQhPTCUERTCnG6hdLC2+aSMWBc65HB6epA5A42H40W21Rtlhe8sY9rntAcWjoOkHvBT28bD8aLbag0MemfBglZIwAkQlv7vMXznjPKWfDavordAQMDrS72RXzrjPKWfDC1ipR63dy2aDlDvhuWNR63dy2aDlDvhuWwaCezjGdoeKanM4xnaHiuyGo7hHrTU53CPWmrsgJUiVAIQhAKKfgd6lUU/A71ggj4fcV6Vgvoem6n7b15rHw+4r0rBfQ9N1P23qew0wmUXJWfq2inaBpKbRgilYDoOnxKmtiyFi1PK5utuwxbQWLU8rm627DFyq4dIfvX9p3irVDql7Q2QqUp++k7bvEq3QcGXtDZC5rX0KOUv3mTe+MyO3vtW0LCgGPvglNWDmtAGRsc1pIa94mLD6rpGZUHQoJA0kgDnJWJFR4mKmmllnBZHT71UNzEkyHNptlsbXGm/MlOHTupn0752ZXtpvOykkSQhgJ0uFxIWoNZ8sMeXfJI2F5yxZiBmPQ250lQvrKRjS7fA4A5bMBcb6TYBoJNg1xPZKbNTQzyU75tJpjmjHMXWy3I9yrNwyha1zWNeMz99c5psc/ngm46Q9wPuKCR+KULHyMzlz4mCV4A9QgOBHSCCppapsQgc5rss7msB6C7VfrJsmmjpC7MYIy7KY729QhjS3qsxv7VKY2ANuxtmcVccHm83oQUm4jnMG9sD2zueHFpvkyuYyz7ajd6RtZVSMaWRPBfFM+xY7RI02aw3AtmV/qGtUZsSwuBxbNV07Xg6W5tKBHOxKWjAGWGrMga46CAwPsXDWNLdIVWSnxN++gz+a6bPFZxGWOzgB5unQbG2oqF+6TAWPymoJPuY5bTXNe1royHMeA5jhqIKDPND98JBJYCSWQjtsDNF9RaQSOtAoGb01hdZ7YmxCRjQOC7OHWNwsfFt0jKCrdSU8Amkj457jZodrsFhybqcXeCY4qeMdIaT4lB3EFHTU0jpIQQ9zWseSdYa1rB8g1WW8dD8aLbasnA8QkxPDt/ma1szHuiky6iQA647itVvHQ/Gi22oNXG4BUYPWREloML3X7Iz/7L5wxnlLPhtX0liPo2r/Ly7Dl82Yxylnw2rWKtHrd3LaoOUO+G5c4yR8d8htfWtPDZ5TUOuf8ACeg6BOZxjO0PFZ2/S9KfHNLv0en12+K7odE7hHrTVWfLJndp5yk32TpXTaFpKqm+ydKN9k6VuxbQqm+ydKN9k6U2Lain4Heod9k6U1z3uFnLNh0XCPUV6Tgvoem6n7b15rHw+4r0rBfQ9N1P23rBdnIEDydADTcq4CC0EEEWFiFCFHRACkYBqF7fMqaqLQWLU8rm627DFtBZM0UslRK+Npe0uABHuY0FcqqK8p++k7bvEq5h/Bm7Y2QqEp+/k7bvEq9h3Am7Y2Qua2gq1XW0VExslbOyEO0Mzaz1AaSrI1ryzdS98uPSh5uI2MZGOgWQdlJunwJmqWWTssVaPdZhUk7IjHUMY85d9IFguFwygnxSvjo6ewLtMrzqZGNbkuMxYbDiUkOGOe+mjIYXON/PGh1itHsNtPgVxGO7pKykrnUdAIm7zYTSvGYl+uzQdC7WLiouw3ZC88qWPOKYvLSsglr2TRiFkuUgREee8CTzSsGVJj+Oy66x47Aa3ZatTc5iOJnFmQVM00sFQ1+iX3AnMwlJNBSh2KxyPjponw0kkr2Nzta8kPIYGdJU+HiJuK4I2B7pIRTT5JHDKT583MtHXYtJJDhNZJEcr2wvyOXkcDSWP3oF03NbS63ORz3Xq+Oeha74Ll5oGxFwDYXeTtY3KdbnPy6X3Gkhx0kcwQLU1URwtlCYIvKGyb7LVevqIEZXpGB+haH4LV5fNHAIXPZnB80s/scDe4Gm4IXp+B+haL4QQeeYp6frLa99fl68qZvFTI8gB7fuS6RrzovYtuOshTYi6Bm6Ct8puBvjrd4VZ1XRsB3szSSFrh7iT36h2UHablo3w4ZNG/hCoOxGV0TeOh+NFttXPbloJoMHvOCwzSulYDryWa0bK6BnHQ/Gi22rBt4l6Nq/y8uw5fNmMA7+xw1ZALr6SnEToJWzcUWOEvYsQfovJd0GGYeJY5sDkzsLcs8L8wcOhzc7AtY8wV2gkjiqQZiWsc1zC/ouNBK6LyKu9n9R/KTyKu9n9R/K3Qqfde3pv3p8W9b9H99T8Nvre8KbyGt9n9R/KdHRVglYTHoDmk6R09ardS0X73nd97DrPrJv3ftYf3Kw+lqc7vM5zzhN8lqvZ/ULqhD937WH9yPu/aw/uUvklV7P6j+UeS1Xs/qP5QRfd+1h/cj7v2sP7lL5LU+z+o/lHktT7P6j+U6iL7v2sP7kfd+1h/cpPJar2f1H8o8lqvZn5j+UBEGF1xLDYA3OZejYMbYRTWBcLPs5ouOMevNn0tTkP3Z+Y/lem7ndG5+ib0CT/VestavZ/wDJJ8k+njMUDWHWL/U3UyFgApcNlh8k0PYbPeHAHSCHHQVEFiVQHlc3ab/psUVcVpj9/L23eJV/DeBN2xshZ0x+/l7btorQw3gTdsbIXNTSGteVbprnH5w0EuOQNA7IXqg0FcDjtHikGPDEKSmkqWPDTCY2l2V4GXzgzSEFepmgwLCvs2GzsXqLSV87dcA9mD0gLljDIyJkhaRE4gMcdR6l0UeF7opiXMw+CIuN3PlawnrJnL3rXh3P4pVGBmLS04poHB+SPS8nnANgGh/+y0dnFxUXYbsheW4o+ijx6vNZBLORIDE1smQahw/McSCvUSWghoLQdTG38Fg1dLuer5jPUMEkzGZpCzM0lg53AWJQedSV80nlWfe7VeTfQBwQw5mtZp0ALa3Miqq8Up366ahje0OtoAdmOXrLnLqGR7n4G3p6CF7gcvnMBsbtGuQk86v+UzgZIKMsaPVtYd1gGoJ66DyyiqKUOymaNzGu6CuCpdzmNszNeGRDVnbIvQJmudE5sZ846Gm5H1GlVRT1Lm2nqXuu1zXgaAQbj6ArByY3KSF2etroWMJzFsQ2S4gBdnAIGQsipiN6iAjaAdVhqKqigpxYudK/Lpbc6urn+qsxRQwtLIWhjScxHv70GZXQ4TJU56qkbPOA0OdbTbULp7RDEL0lDE23qlgBJDspsea31utNJcoIYnzvaXTtaw3IYwf28xOlSs46H40W21IT0psb2GphaHAu36PQO20oNrGqqOjwqolka9wLN6s3pf5i8wlFpB2W+C9D3UAnAqgj1SwnqztXns/DHZb4KomsqmMpq6nNnyXGS+rn1K6TYEk2A1kpVlVrnSzNpwbNADnDpJvr6QAFTFl1dSA231qmbKLgggjWFzk8bW3tp60yjmMU+8gne3tzsb/ablpCxrt98idpDxY8x1pS+MAnO2wFyslrgGFx1AXKzX4k+OQ5mMLAQJGjhAK+ap00pq4skNp4Bl0lh1W67LUZLG9gcHtsRdYZw+klcHnOWHzt7v5v82VafEXxPyxsZlGkNOst6Qm6adK6WFjcz5GBo1lRsqqSV1o5o3HXoWW61ZR/d6pBcXUFHRyU8uZ5aRlI0e+38Jus06DPH/e1GeP+9qoJFu6aXXvj3t3ns1Lsdzzv/gqXI18g+985guOOkXnstt6f1FembjgRuYoh8Y/OeUqLVSLt3+ym/ai7/ZTftVpCnmVpVu/2U37VD9nSVD3zG8ec6Gu12DQ3/ZaCE2achNyiX4j9orQwzi5u2NkLNm5RL8R+0Vo4Zxc3bGyFLU9RVbxKyMsLg8XDh03DbHQbDTrUQq68yhrKcsjsC5xudJI1cHgi91fSXKDOdHij2RnfmMkYDvnQ75XQ6jnkIMtS82sbAd4udA1+5X0iCpFRwwvbIC98rSSHuOnSA1TMggjFmMaOlBmivYOBPQ3Sfk25SgyO4EUp95FtqxQOFm8EAX0mwRcpCyfnETO07+AnNge4XM2j/I0eLs3ggYmOexvCc0dZT97prkOEz3dDnHZBDfongBpcIoWDKL6vddBXzg8EPd2WkpwbO7gxEe95AH0u76K2PKC4Xs1oIv1KUi4I6UFDeZtb5IWDnABd9SW+CDDE3jJZXHoGjZCmIpWE55Gn/Lf6aE01NK03Ac7u8LoFZBTFuYMB7WnxVmMNa5oaA0XGgJRZzQ5uoi4T2jzh1oJq6mbWUU9M7QJo3Mv0EjQe4rym73QgSAtmgJhqGHWHtOU/Verrld0mDzMmfidBGZMwtX07Nbh7Vg5yFUZXHLMro5GPFRGC4AASAe69j1aSCtFskUjM8TgWlKrQ5Oaojf6wCmoqd8km/vaWsDckLTrIvmLj1kroTDCXZsjM3TYJcoUt2Y1oy5TpBFiqLsNY6TM+UmMG5bbT06StMAJbAgg6joK0ZkmJRwvymI72NBdfSB05UkmHxzuztlIjdrAGm3QCopsNlllPnsDHaHP9bL4LXYxsbAxvBaLBAkbGxsDGCzWizU9CRawJEqgknjjsNLnk2Yxukk6gABpJKBlTvjwyngBdPUPEUTR0k2Xs9BSsoqGnpGaoImR36gASuU3L7n5oZvtTFWWqbWpIPZA63P8A85XWLnVwIQhY0IQhBzNRSOMsj4iNLnEtPXzFS0GeJsrZGShxeCAGk+qOgWV5w893WVcj4tvUgp/fnVFl+I4DZLj9EZZTrkib2QSfmSPBWBC3TmJJcSSoTJRxm17ltxo0oIssfPJM/mNrAfTSlEcZ0iAO7fnbScKqPgwxOKtRSCVmcaOYhBH99mDYwGsAF0pikLiXvIHqgdF7plXI9jGtj0F2srOySuNiXl3QUGi2KAENLwXdF1OGhos0WCxxEQM49UjStxBRlqWxPMcbMzvWPNdQOqqg8ANA6krmfeOcQTdxTizTdxPcgfSyyyOcyTTouCp6jMIHZdBOhRUzfvSekFWJheIhBlMhYGguUhiaW+a1WGNITrG3eglgbaFg6L+JUwGkJIxaNqeBpQPQhUcQmfO4wRnLE3jSOc/2oMeupdzM+Jmc08zpcrhPJB5sbu2LgPcFgz4TTueTTOqY2czXEH/9V0m8gCwFgjelTHKfY59tL9P4SfYx9tL9P4XU2ZfWEu9oOV+xj7ab6fwj7GPtpfp/C6vekb0g5T7GPtpvp/CPsY+2m+n8LonCUO0WsPVsrIjuAUHKfYx9tN9P4R9jf+ab6fwur3pG9IOVbg8QcDLJUPZztaQDsldbgsG5ylkG8QmKq1CSo0vPZfpCZvSa6na4WIQdGhUcOqpI3CmnJc08S87JV5S0IQhAIQhBScPOPWVOzgBMI0lTN4IQRy3EL7a8pss+KAPjORodI3S5p6OkLTk4t/UqUfmPDm6CggaXC+ho5iLAK5StyxEe9LM1tw7ndpKkhHmd6COdri+PLoOmxTQLujcXF5BIzHWp5NDmFMOgi3NqQQZGiNwbc6W3v3q8q4CsoKRacx6CU5seY2CmIFylQRxNs49SleLtT2gAIQVw1OyEqZKgaBYAJbJUIBxs0lUt6sLd5VxFggp70mOivo5lesiwQZxgHQhsOU25uZaNgiwQU96TchvqV6wRYIKJp2FBYRqCvWCLBBTEYS72rdgiwWipvSTelcsEWCwUnRXHvGkK+03aCm2CcNSAQhCAQhCD/9k=







",jpeg
2,"iVoler Carrying Storage Case for Nintendo Switch, Portable Travel All Protective Hard Messenger Bag Soft Lining 18 Games for Switch Console Pro Controller & Accessories Black",iVolerCar,https://www.amazon.com/Nintendo-Carrying-All-Protective-Controller-Accessories-3DS/dp/B076GYVWRY/ref=sxin_9?ascsubtag=amzn1.osa.b014b1f6-ce0e-417e-b65c-abae71d587cf.ATVPDKIKX0DER.en_US&creativeASIN=B076GYVWRY&cv_ct_cx=nintendo+switch&cv_ct_id=amzn1.osa.b014b1f6-ce0e-417e-b65c-abae71d587cf.ATVPDKIKX0DER.en_US&cv_ct_pg=search&cv_ct_we=asin&cv_ct_wn=osp-single-source-earns-comm&dchild=1&keywords=nintendo+switch&linkCode=oas&pd_rd_i=B076GYVWRY&pd_rd_r=58c6d1cc-ac7a-4f1a-ac20-4034392ed627&pd_rd_w=UIf2A&pd_rd_wg=gtuvg&pf_rd_p=35b32c02-1b41-4e49-9b89-0297af2446e1&pf_rd_r=RCSKH61HXBAJKNB16T7C&qid=1614629290&sr=1-3-64f3a41a-73ca-403a-923c-8152c45485fe&tag=popularscience_os-20,ivoler,$33.99,4.8,"7,849",In Stock.,"['Deluxe Travel Carrying Case. Specially designed to make your whole Nintendo Switch system even more portable & travel friendly. Comfortable handle strap is ideal for carrying. Large storage is suitable to take all the Nintendo Switch accessories when go on a trip.', 'Multiple Storage. Interior grooves securely hold the Nintendo Switch Console include a Pro Controller, Nintendo Switch Dock, Joy-Con Charging Grip, AC Adapter. Interior mesh pocket for other smaller Nintendo Switch accessories like HDMI Cable, Joy-Con Straps etc.Make going on vacation very easy, perfect fit for outdoor activities and enjoy your Nintendo Switch.', 'Hard Protective Case. Hard EVA shell case protects Nintendo Switch from drops, scratches, bumps, splash and dust. Soft liner protects your Nintendo Switch console from getting scratches. The design of groove make accessories separate so that avoid to scratch each other.', 'Convenient to Use. Easy to carry with the comfortable handle strap. All-around zipper is easy Opening and Closing. Everything is easy to put in and take out and fits securely.', 'Scope of Delivery: 1x iVoler Case for Nintendo Switch.The Nintendo Switch console, pro controllers, and other accessories shown in images are for usage demonstration purposes only and are not included with this case.']",https://images-na.ssl-images-amazon.com/images/I/716kt-Fm3ML.__AC_SX300_SY300_QL70_ML2_,jpg
3,Genki - The Original Bluetooth Adapter for the Nintendo Switch and Switch Lite. Switch Accessories Compatible with most BT Headphones and Airpods - Low Latency with aptX Technology,GenkiTh,https://www.amazon.com/Genki-Nintendo-Switch-Bluetooth-Adapter/dp/B07JZKXSQT/ref=sxin_9?ascsubtag=amzn1.osa.b014b1f6-ce0e-417e-b65c-abae71d587cf.ATVPDKIKX0DER.en_US&creativeASIN=B07JZKXSQT&cv_ct_cx=nintendo+switch&cv_ct_id=amzn1.osa.b014b1f6-ce0e-417e-b65c-abae71d587cf.ATVPDKIKX0DER.en_US&cv_ct_pg=search&cv_ct_we=asin&cv_ct_wn=osp-single-source-earns-comm&dchild=1&keywords=nintendo+switch&linkCode=oas&pd_rd_i=B07JZKXSQT&pd_rd_r=58c6d1cc-ac7a-4f1a-ac20-4034392ed627&pd_rd_w=UIf2A&pd_rd_wg=gtuvg&pf_rd_p=35b32c02-1b41-4e49-9b89-0297af2446e1&pf_rd_r=RCSKH61HXBAJKNB16T7C&qid=1614629290&sr=1-4-64f3a41a-73ca-403a-923c-8152c45485fe&tag=popularscience_os-20,Human Things,$49.99,4.5,408,In Stock.,"['EFFORTLESSLY connect your favorite bluetooth headset with your Nintendo Switch or Switch Lite using Genkis Switch audio adapter. No more wires!', 'ALREADY TRUSTED by 17 902 backers on Kickstarter and Indiegogo via our crowdfunding campaign. We pioneered the Nintendo Switch Bluetooth Adapter niche', 'VOICE CHAT with your friends in Fortnite by using the included boom mic. Also included is our dock adapter for TV-mode so you can use your adapter while the Switch is docked', 'EASILY CONNECT a second headset to the same bluetooth adapter. With just a click of a button you AND your friend can play and listen in on the same Switch simultaneously', ""NEVER AGAIN worry about running out of battery while playing. Our PASS-THROUGH CHARGING will make sure that you're always topped up on battery whenever you like""]",https://images-na.ssl-images-amazon.com/images/I/61b%2B%2By4M2wL.__AC_SY300_SX300_QL70_ML2_,jpg
