nintendo switches,Electronics
laptops,Electronics
airpods,Electronics
headphones,Electronics
wireless earbuds,Electronics
ipads,Electronics
fire sticks,Electronics
ssds,Electronics
fitbits,Electronics
kindles,Electronics
tvs,Electronics
air fryers,Kitchen
bluetooth headphones,Electronics
toilet paper,Home
external hard drives,Electronics
tablets,Electronics
instant pots,Kitchen
micro sd cards,Electronics
gaming chairs,Home
apple watches,Electronics
monitors,Electronics
earbuds,Electronics
ps4s,Electronics
alexa,Electronics
paper towels,Home
desks,Home
office chairs,Home
ring doorbells,Home
chromebooks,Electronics
weighted blankets,Home
water bottles,Sports
backpacks,Travel
hdmi cables,Electronics
legos,Toys
wireless mouses,Electronics
mouse pads,Electronics
iphone chargers,Electronics
hydro flasks,Sports
bluetooth earbuds,Electronics
echo dots,Electronics
gaming mouses,Electronics
printers,Electronics
nintendo switch games,Electronics
keyboards,Electronics
bluetooth speakers,Electronics
iphones,Electronics
coffee,Food and Drink
aa batteries,Electronics
ps4 controllers,Electronics
wireless headphones,Electronics
computer mouses,Electronics
shower curtains,Home
shoes,Clothing
led strip lights,Home
smart watches,Electronics
cbd oil,Health and Beauty
kindle fire,Electronics
pop sockets,Accessories
xbox one controllers,Electronics
rings,Home
microwaves,Kitchen
usb c cables,Electronics
mattresses,Home
gaming laptops,Electronics
vacuum cleaners,Home
iphone xr cases,Electronics
protein powder,Food and Drink
computer desks,Home
socks,Clothing
shoe racks,Home
iphone 11 cases,Electronics
tv stands,Electronics
yoga mats,Sports
aaa batteries,Electronics
gaming headsets,Electronics
computer monitors,Electronics
blenders,Kitchen
books,Books
gaming pcs,Electronics
dash cams,Electronics
luggage,Travel
usb hubs,Electronics
cameras,Electronics
projectors,Electronics